order_id,order_datetime,item_id
1,1672573116000,109
2,1672574260000,108
2,1672574260000,124
2,1672574260000,117
2,1672574260000,129
2,1672574260000,106
3,1672575148000,117
3,1672575148000,119
4,1672575391000,117
5,1672575690000,117
6,1672576176000,101
6,1672576176000,114
7,1672577437000,123
8,1672577497000,123
9,1672577521000,108
9,1672577521000,126
9,1672577521000,110
9,1672577521000,117
9,1672577521000,117
9,1672577521000,129
9,1672577521000,122
9,1672577521000,130
9,1672577521000,132
10,1672578015000,129
10,1672578015000,105
11,1672578179000,101
11,1672578179000,102
11,1672578179000,102
11,1672578179000,113
12,1672578281000,102
12,1672578281000,102
12,1672578281000,104
12,1672578281000,117
13,1672578715000,129
14,1672578859000,114
15,1672579980000,107
15,1672579980000,124
15,1672579980000,121
15,1672579980000,114
16,1672580047000,125
16,1672580047000,111
16,1672580047000,106
17,1672581180000,101
17,1672581180000,116
17,1672581180000,124
17,1672581180000,125
17,1672581180000,117
17,1672581180000,127
17,1672581180000,128
17,1672581180000,129
17,1672581180000,118
17,1672581180000,131
18,1672581428000,111
19,1672581549000,110
19,1672581549000,120
20,1672581788000,107
20,1672581788000,124
21,1672582469000,110
22,1672582586000,124
22,1672582586000,110
22,1672582586000,105
23,1672582743000,105
24,1672582981000,101
24,1672582981000,110
24,1672582981000,113
24,1672582981000,119
25,1672584284000,120
25,1672584284000,106
26,1672584866000,108
26,1672584866000,132
27,1672585877000,101
27,1672585877000,108
27,1672585877000,131
28,1672587346000,103
29,1672587661000,126
30,1672587685000,106
31,1672588218000,129
31,1672588218000,113
32,1672588398000,107
32,1672588398000,126
32,1672588398000,110
32,1672588398000,117
33,1672588448000,101
33,1672588448000,126
34,1672590081000,114
35,1672590724000,126
35,1672590724000,112
35,1672590724000,113
35,1672590724000,106
36,1672592049000,101
36,1672592049000,108
37,1672592169000,117
37,1672592169000,129
38,1672592580000,109
38,1672592580000,110
39,1672592843000,117
40,1672593276000,125
40,1672593276000,105
41,1672593320000,125
41,1672593320000,126
42,1672594089000,107
42,1672594089000,124
42,1672594089000,129
42,1672594089000,118
43,1672594714000,103
43,1672594714000,117
43,1672594714000,118
44,1672595660000,130
45,1672595748000,125
45,1672595748000,109
45,1672595748000,106
46,1672597551000,104
46,1672597551000,108
46,1672597551000,106
47,1672597594000,105
47,1672597594000,132
48,1672597602000,104
48,1672597602000,126
48,1672597602000,119
48,1672597602000,122
49,1672597980000,120
50,1672598461000,NULL
51,1672598908000,101
51,1672598908000,112
52,1672599182000,109
52,1672599182000,129
52,1672599182000,122
53,1672599257000,112
53,1672599257000,123
54,1672599705000,119
54,1672599705000,106
55,1672599799000,118
55,1672599799000,122
56,1672600020000,108
56,1672600020000,128
56,1672600020000,105
57,1672600251000,108
58,1672601440000,124
58,1672601440000,113
59,1672602008000,127
59,1672602008000,112
59,1672602008000,113
60,1672603516000,104
60,1672603516000,125
61,1672603723000,101
61,1672603723000,117
62,1672606216000,101
62,1672606216000,123
63,1672606302000,112
64,1672606328000,107
65,1672607760000,112
65,1672607760000,120
65,1672607760000,122
65,1672607760000,123
66,1672609675000,108
66,1672609675000,110
67,1672610620000,105
68,1672610852000,108
68,1672610852000,117
68,1672610852000,117
69,1672611133000,101
70,1672659531000,127
70,1672659531000,121
71,1672659650000,106
72,1672660645000,131
73,1672660736000,106
74,1672660872000,124
74,1672660872000,129
74,1672660872000,130
74,1672660872000,123
75,1672661415000,117
75,1672661415000,128
75,1672661415000,111
76,1672662077000,107
76,1672662077000,109
76,1672662077000,127
76,1672662077000,122
77,1672662166000,101
77,1672662166000,109
78,1672662494000,107
78,1672662494000,108
78,1672662494000,125
78,1672662494000,110
78,1672662494000,122
78,1672662494000,106
79,1672662551000,110
79,1672662551000,112
79,1672662551000,106
80,1672662938000,113
80,1672662938000,106
81,1672663201000,106
82,1672663551000,107
82,1672663551000,102
82,1672663551000,122
82,1672663551000,132
83,1672664007000,105
84,1672665221000,113
85,1672666489000,108
85,1672666489000,108
85,1672666489000,117
85,1672666489000,114
86,1672666831000,109
87,1672668062000,110
87,1672668062000,129
87,1672668062000,123
87,1672668062000,123
88,1672668608000,124
89,1672669819000,121
89,1672669819000,106
90,1672672128000,120
90,1672672128000,106
91,1672672483000,101
91,1672672483000,104
91,1672672483000,113
92,1672672622000,101
92,1672672622000,117
92,1672672622000,117
92,1672672622000,127
92,1672672622000,113
92,1672672622000,118
92,1672672622000,131
92,1672672622000,123
92,1672672622000,114
93,1672673371000,120
94,1672676236000,110
94,1672676236000,105
95,1672676284000,111
95,1672676284000,118
96,1672676480000,111
97,1672677933000,107
98,1672679898000,108
98,1672679898000,111
99,1672681542000,117
100,1672681577000,109
101,1672681893000,102
101,1672681893000,113
101,1672681893000,121
101,1672681893000,122
102,1672682044000,101
102,1672682044000,119
103,1672682529000,123
104,1672682532000,101
104,1672682532000,103
104,1672682532000,127
104,1672682532000,132
105,1672683121000,109
105,1672683121000,113
105,1672683121000,119
106,1672683133000,129
106,1672683133000,122
107,1672683909000,102
107,1672683909000,117
107,1672683909000,122
107,1672683909000,132
108,1672683925000,108
108,1672683925000,109
108,1672683925000,123
109,1672684070000,110
109,1672684070000,117
109,1672684070000,113
109,1672684070000,119
110,1672684579000,107
110,1672684579000,111
110,1672684579000,121
110,1672684579000,122
111,1672684681000,102
111,1672684681000,124
111,1672684681000,113
111,1672684681000,130
112,1672684900000,113
113,1672685421000,102
113,1672685421000,129
113,1672685421000,105
114,1672685972000,113
114,1672685972000,120
115,1672686317000,107
115,1672686317000,111
115,1672686317000,106
116,1672687129000,124
117,1672687382000,118
117,1672687382000,120
118,1672687619000,119
118,1672687619000,131
119,1672687949000,125
120,1672688107000,108
120,1672688107000,109
120,1672688107000,131
121,1672688328000,101
121,1672688328000,125
121,1672688328000,120
121,1672688328000,105
122,1672689019000,117
123,1672690329000,110
124,1672690354000,101
124,1672690354000,120
124,1672690354000,122
124,1672690354000,114
125,1672691466000,NULL
126,1672692822000,132
127,1672693103000,113
128,1672693506000,122
129,1672693982000,107
129,1672693982000,114
130,1672694095000,109
130,1672694095000,110
130,1672694095000,129
130,1672694095000,105
131,1672695190000,104
131,1672695190000,124
131,1672695190000,126
131,1672695190000,123
132,1672695765000,113
133,1672696817000,101
133,1672696817000,109
133,1672696817000,114
134,1672697604000,107
134,1672697604000,105
134,1672697604000,123
135,1672698574000,132
136,1672698769000,124
136,1672698769000,118
137,1672745650000,128
137,1672745650000,113
137,1672745650000,122
138,1672746290000,102
138,1672746290000,125
138,1672746290000,127
138,1672746290000,120
139,1672747059000,124
140,1672748804000,119
140,1672748804000,132
141,1672751761000,108
142,1672752839000,126
143,1672753296000,102
143,1672753296000,108
143,1672753296000,109
143,1672753296000,129
143,1672753296000,113
143,1672753296000,119
143,1672753296000,106
143,1672753296000,132
144,1672753468000,101
144,1672753468000,107
144,1672753468000,102
144,1672753468000,104
144,1672753468000,124
144,1672753468000,125
144,1672753468000,112
144,1672753468000,105
144,1672753468000,105
144,1672753468000,122
144,1672753468000,106
144,1672753468000,132
145,1672754028000,114
146,1672755730000,102
146,1672755730000,125
146,1672755730000,109
147,1672756371000,NULL
148,1672756842000,128
149,1672757325000,131
150,1672757398000,113
151,1672758574000,105
151,1672758574000,123
152,1672758582000,109
152,1672758582000,131
152,1672758582000,106
152,1672758582000,114
153,1672758994000,129
154,1672759363000,119
155,1672759739000,104
155,1672759739000,111
155,1672759739000,113
155,1672759739000,118
156,1672760539000,111
156,1672760539000,106
157,1672760583000,117
157,1672760583000,128
157,1672760583000,120
157,1672760583000,130
158,1672761270000,127
158,1672761270000,106
159,1672761562000,125
159,1672761562000,106
160,1672763733000,108
161,1672764226000,109
161,1672764226000,122
161,1672764226000,NULL
162,1672764682000,107
163,1672764894000,109
163,1672764894000,113
163,1672764894000,114
164,1672764993000,102
164,1672764993000,113
165,1672765057000,119
166,1672765131000,119
167,1672765249000,101
167,1672765249000,117
167,1672765249000,113
168,1672765347000,107
168,1672765347000,132
169,1672766148000,125
169,1672766148000,110
169,1672766148000,120
170,1672766491000,109
171,1672766583000,111
172,1672766964000,111
172,1672766964000,123
172,1672766964000,106
173,1672767330000,102
173,1672767330000,108
173,1672767330000,132
174,1672767469000,107
174,1672767469000,102
174,1672767469000,102
174,1672767469000,110
175,1672768251000,117
176,1672768317000,102
176,1672768317000,118
177,1672768476000,111
177,1672768476000,106
178,1672769703000,118
179,1672770014000,109
179,1672770014000,120
179,1672770014000,132
180,1672770814000,108
180,1672770814000,119
181,1672771772000,129
182,1672771810000,115
182,1672771810000,118
183,1672772095000,111
183,1672772095000,130
183,1672772095000,130
184,1672772345000,109
185,1672772913000,120
185,1672772913000,130
186,1672774560000,129
186,1672774560000,105
186,1672774560000,130
186,1672774560000,106
187,1672774632000,124
187,1672774632000,130
188,1672776519000,124
188,1672776519000,113
188,1672776519000,118
189,1672776734000,107
189,1672776734000,106
190,1672776863000,101
190,1672776863000,125
190,1672776863000,112
190,1672776863000,119
191,1672777490000,102
191,1672777490000,103
192,1672777808000,120
192,1672777808000,105
193,1672779347000,107
193,1672779347000,102
193,1672779347000,103
194,1672780884000,101
195,1672781120000,101
196,1672782014000,120
196,1672782014000,122
196,1672782014000,132
197,1672782468000,125
197,1672782468000,110
197,1672782468000,127
197,1672782468000,121
198,1672782942000,107
198,1672782942000,103
199,1672783838000,103
200,1672784645000,NULL
201,1672784999000,116
201,1672784999000,104
201,1672784999000,117
201,1672784999000,NULL
202,1672786229000,102
203,1672831848000,102
203,1672831848000,127
203,1672831848000,112
203,1672831848000,114
204,1672832185000,122
205,1672832634000,102
205,1672832634000,103
205,1672832634000,119
206,1672832710000,111
206,1672832710000,113
206,1672832710000,122
207,1672833838000,122
208,1672834325000,101
208,1672834325000,101
208,1672834325000,103
208,1672834325000,113
208,1672834325000,114
209,1672835357000,102
210,1672835653000,131
211,1672836860000,113
212,1672838163000,110
213,1672838439000,125
214,1672839556000,110
214,1672839556000,117
214,1672839556000,129
214,1672839556000,130
215,1672839889000,126
216,1672842716000,101
216,1672842716000,124
216,1672842716000,109
217,1672842903000,108
217,1672842903000,131
218,1672842911000,122
219,1672843321000,101
219,1672843321000,124
219,1672843321000,118
219,1672843321000,131
220,1672846319000,109
220,1672846319000,110
220,1672846319000,111
220,1672846319000,122
221,1672846398000,124
221,1672846398000,119
221,1672846398000,114
222,1672847198000,125
222,1672847198000,120
223,1672848500000,112
224,1672850398000,103
224,1672850398000,117
224,1672850398000,111
224,1672850398000,106
225,1672850508000,101
225,1672850508000,101
225,1672850508000,105
226,1672851579000,108
227,1672853079000,101
227,1672853079000,114
228,1672853484000,127
229,1672853877000,127
229,1672853877000,119
229,1672853877000,130
230,1672855118000,106
231,1672855458000,102
231,1672855458000,111
231,1672855458000,119
232,1672856519000,101
232,1672856519000,123
233,1672856811000,131
234,1672857369000,103
234,1672857369000,117
234,1672857369000,111
235,1672858290000,102
236,1672860064000,108
236,1672860064000,126
237,1672860468000,126
238,1672861515000,130
239,1672862272000,117
239,1672862272000,106
240,1672863024000,125
241,1672863085000,120
241,1672863085000,123
242,1672863329000,116
242,1672863329000,106
242,1672863329000,132
243,1672863977000,108
243,1672863977000,123
244,1672863982000,117
244,1672863982000,122
245,1672864121000,101
245,1672864121000,104
246,1672864248000,103
246,1672864248000,113
247,1672865729000,109
247,1672865729000,120
247,1672865729000,123
248,1672865899000,109
248,1672865899000,106
249,1672866376000,101
249,1672866376000,116
250,1672866425000,125
251,1672866605000,129
252,1672870395000,119
253,1672870578000,115
254,1672870933000,101
254,1672870933000,115
254,1672870933000,124
255,1672917815000,124
255,1672917815000,126
255,1672917815000,109
255,1672917815000,131
256,1672919766000,112
257,1672919944000,102
257,1672919944000,103
258,1672919963000,108
259,1672920265000,113
260,1672920387000,124
260,1672920387000,114
261,1672922309000,115
262,1672922521000,102
263,1672923442000,130
264,1672923839000,129
265,1672923882000,103
265,1672923882000,129
265,1672923882000,120
265,1672923882000,122
266,1672924169000,118
267,1672925870000,125
267,1672925870000,128
267,1672925870000,111
268,1672926046000,117
268,1672926046000,113
269,1672926574000,103
270,1672927742000,105
270,1672927742000,130
270,1672927742000,106
271,1672928539000,107
271,1672928539000,102
271,1672928539000,103
271,1672928539000,104
271,1672928539000,108
271,1672928539000,117
271,1672928539000,120
271,1672928539000,121
271,1672928539000,105
271,1672928539000,114
272,1672928645000,117
273,1672928880000,121
274,1672929393000,125
274,1672929393000,106
275,1672929494000,108
275,1672929494000,124
275,1672929494000,113
275,1672929494000,120
276,1672931898000,124
276,1672931898000,122
277,1672933310000,125
278,1672933761000,127
278,1672933761000,105
279,1672934823000,102
279,1672934823000,103
280,1672935623000,119
280,1672935623000,132
281,1672936428000,120
282,1672937378000,108
282,1672937378000,124
282,1672937378000,118
282,1672937378000,130
283,1672937503000,111
284,1672937896000,125
284,1672937896000,109
284,1672937896000,111
285,1672937918000,119
286,1672938083000,117
286,1672938083000,118
287,1672939809000,117
287,1672939809000,112
287,1672939809000,113
287,1672939809000,120
288,1672939964000,115
288,1672939964000,119
288,1672939964000,123
289,1672940183000,124
290,1672940476000,108
290,1672940476000,132
291,1672940679000,101
291,1672940679000,103
291,1672940679000,125
292,1672940939000,130
292,1672940939000,131
293,1672941518000,108
293,1672941518000,127
294,1672942595000,101
294,1672942595000,117
294,1672942595000,106
295,1672942812000,102
296,1672944414000,126
296,1672944414000,110
296,1672944414000,106
297,1672945338000,105
298,1672945836000,102
298,1672945836000,102
298,1672945836000,103
298,1672945836000,108
299,1672947271000,108
299,1672947271000,131
300,1672947774000,107
300,1672947774000,110
300,1672947774000,127
300,1672947774000,123
301,1672947958000,111
302,1672948657000,118
303,1672948971000,107
303,1672948971000,110
303,1672948971000,113
304,1672949278000,109
304,1672949278000,129
305,1672950940000,113
305,1672950940000,120
305,1672950940000,122
306,1672951060000,107
306,1672951060000,109
306,1672951060000,111
307,1672955138000,108
307,1672955138000,106
308,1672955986000,109
308,1672955986000,112
308,1672955986000,106
309,1673005146000,124
309,1673005146000,118
310,1673005248000,109
310,1673005248000,106
311,1673006247000,120
312,1673006721000,107
312,1673006721000,115
312,1673006721000,103
312,1673006721000,120
313,1673006949000,108
314,1673007118000,116
314,1673007118000,124
314,1673007118000,126
314,1673007118000,109
314,1673007118000,132
315,1673007460000,108
316,1673008174000,109
316,1673008174000,117
317,1673008260000,102
317,1673008260000,108
317,1673008260000,125
317,1673008260000,109
317,1673008260000,112
317,1673008260000,119
317,1673008260000,131
318,1673009114000,110
318,1673009114000,129
318,1673009114000,121
318,1673009114000,122
319,1673009182000,117
320,1673009200000,102
320,1673009200000,104
321,1673009781000,117
322,1673010133000,102
322,1673010133000,104
322,1673010133000,108
322,1673010133000,106
323,1673010333000,108
324,1673010404000,124
325,1673010452000,108
325,1673010452000,132
326,1673010613000,102
326,1673010613000,123
327,1673010654000,108
328,1673010995000,128
329,1673011364000,122
329,1673011364000,123
330,1673011631000,107
330,1673011631000,103
330,1673011631000,108
330,1673011631000,108
330,1673011631000,124
330,1673011631000,125
330,1673011631000,109
330,1673011631000,112
330,1673011631000,118
330,1673011631000,120
330,1673011631000,122
330,1673011631000,122
330,1673011631000,131
330,1673011631000,114
331,1673012610000,119
332,1673014321000,120
332,1673014321000,105
332,1673014321000,106
333,1673014596000,103
334,1673015058000,116
334,1673015058000,113
334,1673015058000,105
334,1673015058000,106
335,1673015087000,128
336,1673016701000,119
337,1673017392000,109
337,1673017392000,113
338,1673018306000,129
338,1673018306000,106
338,1673018306000,NULL
339,1673018713000,122
340,1673019332000,118
341,1673019347000,101
341,1673019347000,113
342,1673019852000,120
342,1673019852000,105
343,1673019937000,124
343,1673019937000,125
344,1673020871000,110
345,1673020907000,118
345,1673020907000,131
346,1673022600000,126
346,1673022600000,109
346,1673022600000,110
346,1673022600000,111
347,1673023037000,131
347,1673023037000,106
347,1673023037000,132
348,1673023752000,108
348,1673023752000,106
348,1673023752000,106
349,1673025958000,113
350,1673026625000,108
350,1673026625000,113
350,1673026625000,122
351,1673026649000,107
351,1673026649000,109
352,1673027148000,107
352,1673027148000,110
353,1673027988000,101
353,1673027988000,102
353,1673027988000,119
354,1673028104000,126
354,1673028104000,132
355,1673028885000,103
355,1673028885000,117
356,1673028965000,103
357,1673029678000,102
357,1673029678000,105
357,1673029678000,131
358,1673029812000,117
359,1673029988000,126
359,1673029988000,106
360,1673031038000,101
360,1673031038000,126
360,1673031038000,109
361,1673032358000,107
361,1673032358000,110
362,1673032416000,101
362,1673032416000,129
363,1673032831000,128
363,1673032831000,129
364,1673033244000,117
364,1673033244000,NULL
365,1673033846000,125
365,1673033846000,128
365,1673033846000,113
366,1673035460000,110
367,1673035512000,109
367,1673035512000,131
368,1673036896000,130
368,1673036896000,106
369,1673037006000,131
370,1673038950000,125
370,1673038950000,109
371,1673039720000,113
372,1673044019000,131
373,1673091918000,104
373,1673091918000,108
373,1673091918000,120
374,1673092559000,107
374,1673092559000,103
374,1673092559000,118
375,1673092716000,129
376,1673092877000,NULL
376,1673092877000,132
377,1673092998000,109
377,1673092998000,106
378,1673093977000,127
379,1673094337000,106
380,1673094730000,116
380,1673094730000,102
381,1673094786000,105
382,1673094787000,106
382,1673094787000,132
383,1673095439000,122
384,1673095906000,109
384,1673095906000,110
384,1673095906000,128
384,1673095906000,114
385,1673096059000,132
386,1673096296000,127
386,1673096296000,121
386,1673096296000,106
387,1673096594000,101
387,1673096594000,107
387,1673096594000,104
387,1673096594000,124
387,1673096594000,113
387,1673096594000,122
387,1673096594000,131
388,1673096696000,101
388,1673096696000,103
388,1673096696000,128
388,1673096696000,132
389,1673097017000,130
390,1673097332000,112
391,1673097931000,114
392,1673098607000,107
392,1673098607000,116
392,1673098607000,102
392,1673098607000,113
392,1673098607000,119
392,1673098607000,120
392,1673098607000,121
392,1673098607000,122
393,1673099311000,126
393,1673099311000,109
394,1673100138000,107
394,1673100138000,104
394,1673100138000,109
394,1673100138000,109
394,1673100138000,112
394,1673100138000,113
394,1673100138000,113
394,1673100138000,120
394,1673100138000,122
394,1673100138000,130
394,1673100138000,106
394,1673100138000,132
395,1673100668000,111
396,1673100741000,131
397,1673101870000,124
397,1673101870000,109
397,1673101870000,113
398,1673103386000,113
399,1673106469000,101
399,1673106469000,102
399,1673106469000,125
399,1673106469000,114
400,1673107387000,113
400,1673107387000,106
401,1673107715000,132
402,1673108686000,125
402,1673108686000,117
403,1673108770000,101
403,1673108770000,108
403,1673108770000,119
404,1673109567000,104
405,1673109856000,120
406,1673110249000,103
406,1673110249000,108
406,1673110249000,127
407,1673110602000,102
407,1673110602000,108
407,1673110602000,113
408,1673111349000,115
408,1673111349000,118
409,1673111704000,113
410,1673112829000,107
410,1673112829000,128
410,1673112829000,NULL
411,1673114289000,117
411,1673114289000,105
412,1673114866000,115
412,1673114866000,123
413,1673115092000,114
414,1673115202000,108
414,1673115202000,124
414,1673115202000,117
415,1673115383000,102
416,1673115462000,131
417,1673115880000,113
418,1673116811000,104
418,1673116811000,120
419,1673118151000,101
419,1673118151000,109
419,1673118151000,127
419,1673118151000,132
420,1673118280000,124
420,1673118280000,112
421,1673119318000,101
421,1673119318000,116
421,1673119318000,104
422,1673119825000,125
422,1673119825000,117
422,1673119825000,131
423,1673120707000,117
423,1673120707000,120
424,1673121688000,113
425,1673122879000,121
426,1673123145000,108
426,1673123145000,120
426,1673123145000,121
427,1673128140000,131
428,1673129100000,116
428,1673129100000,110
429,1673129813000,122
430,1673131573000,126
430,1673131573000,120
431,1673176633000,107
431,1673176633000,103
431,1673176633000,125
431,1673176633000,109
432,1673177947000,110
432,1673177947000,106
432,1673177947000,132
433,1673178590000,122
434,1673178854000,111
434,1673178854000,122
434,1673178854000,132
435,1673179569000,108
435,1673179569000,112
435,1673179569000,123
436,1673179641000,108
436,1673179641000,117
436,1673179641000,112
436,1673179641000,118
437,1673179674000,101
438,1673179718000,132
439,1673179988000,103
439,1673179988000,113
439,1673179988000,114
440,1673180194000,116
440,1673180194000,103
440,1673180194000,124
440,1673180194000,125
440,1673180194000,125
440,1673180194000,126
440,1673180194000,126
440,1673180194000,109
440,1673180194000,127
440,1673180194000,113
440,1673180194000,122
440,1673180194000,131
440,1673180194000,106
440,1673180194000,132
441,1673180218000,122
441,1673180218000,106
442,1673180929000,118
443,1673181260000,107
443,1673181260000,102
443,1673181260000,125
443,1673181260000,110
443,1673181260000,127
443,1673181260000,129
443,1673181260000,113
443,1673181260000,120
443,1673181260000,120
443,1673181260000,105
443,1673181260000,122
443,1673181260000,122
443,1673181260000,123
443,1673181260000,106
444,1673181605000,125
445,1673182659000,109
446,1673182681000,107
446,1673182681000,127
446,1673182681000,120
447,1673182920000,124
448,1673183014000,109
448,1673183014000,112
448,1673183014000,120
449,1673183055000,106
450,1673183273000,107
451,1673183946000,124
451,1673183946000,110
451,1673183946000,105
452,1673184251000,101
452,1673184251000,107
452,1673184251000,120
453,1673184434000,102
453,1673184434000,125
453,1673184434000,120
453,1673184434000,106
454,1673184700000,122
455,1673185154000,117
456,1673185673000,131
457,1673186344000,102
457,1673186344000,103
457,1673186344000,108
458,1673186405000,119
458,1673186405000,123
458,1673186405000,114
459,1673187242000,122
460,1673187598000,126
460,1673187598000,117
461,1673187679000,102
461,1673187679000,109
462,1673188721000,131
463,1673188828000,101
463,1673188828000,119
464,1673189341000,101
464,1673189341000,116
465,1673189723000,111
466,1673191810000,131
466,1673191810000,NULL
467,1673191993000,119
468,1673192172000,125
468,1673192172000,113
469,1673192238000,101
469,1673192238000,120
470,1673192953000,132
471,1673194826000,127
472,1673195390000,127
472,1673195390000,127
473,1673196087000,109
473,1673196087000,119
473,1673196087000,105
474,1673196468000,126
474,1673196468000,113
475,1673198117000,107
475,1673198117000,106
476,1673198876000,113
476,1673198876000,119
476,1673198876000,132
477,1673199004000,126
477,1673199004000,129
478,1673199356000,116
478,1673199356000,103
479,1673199423000,124
479,1673199423000,110
480,1673199691000,113
481,1673199697000,113
481,1673199697000,131
482,1673200362000,126
482,1673200362000,117
482,1673200362000,122
483,1673200445000,101
483,1673200445000,111
483,1673200445000,112
483,1673200445000,122
484,1673200974000,125
484,1673200974000,129
485,1673201251000,102
486,1673201708000,123
487,1673202616000,109
487,1673202616000,120
487,1673202616000,131
488,1673203562000,132
489,1673203723000,118
490,1673203764000,107
490,1673203764000,108
490,1673203764000,111
491,1673204472000,111
491,1673204472000,113
491,1673204472000,118
491,1673204472000,119
492,1673204781000,104
492,1673204781000,120
492,1673204781000,131
493,1673206307000,117
494,1673206720000,124
494,1673206720000,125
494,1673206720000,129
494,1673206720000,105
495,1673206972000,117
495,1673206972000,120
496,1673207178000,109
496,1673207178000,121
497,1673207366000,132
498,1673208145000,117
499,1673212246000,116
499,1673212246000,125
499,1673212246000,129
499,1673212246000,112
500,1673214409000,128
501,1673214691000,102
501,1673214691000,109
501,1673214691000,105
502,1673216768000,127
503,1673262981000,113
503,1673262981000,120
504,1673264898000,114
505,1673265310000,113
505,1673265310000,NULL
506,1673265729000,131
507,1673265963000,104
508,1673266412000,102
508,1673266412000,102
508,1673266412000,113
509,1673266438000,122
510,1673266503000,108
510,1673266503000,108
510,1673266503000,117
510,1673266503000,122
511,1673266701000,124
512,1673266764000,127
513,1673266968000,125
513,1673266968000,127
513,1673266968000,113
513,1673266968000,106
514,1673267207000,108
515,1673269657000,104
515,1673269657000,128
516,1673269749000,111
516,1673269749000,132
517,1673269751000,129
518,1673269885000,107
518,1673269885000,119
518,1673269885000,120
519,1673270120000,119
520,1673270553000,130
521,1673271787000,106
522,1673273373000,101
522,1673273373000,107
522,1673273373000,108
522,1673273373000,124
522,1673273373000,125
522,1673273373000,126
522,1673273373000,110
522,1673273373000,127
522,1673273373000,120
522,1673273373000,114
522,1673273373000,114
523,1673275334000,119
524,1673275895000,120
524,1673275895000,106
525,1673276926000,113
526,1673277013000,102
526,1673277013000,124
527,1673277817000,125
527,1673277817000,105
528,1673278041000,110
529,1673278261000,116
529,1673278261000,102
529,1673278261000,109
530,1673278981000,108
530,1673278981000,117
531,1673279890000,118
532,1673280868000,118
532,1673280868000,121
533,1673281723000,124
533,1673281723000,122
533,1673281723000,NULL
534,1673282612000,119
534,1673282612000,105
535,1673284127000,108
536,1673284730000,115
536,1673284730000,118
537,1673285032000,108
537,1673285032000,109
537,1673285032000,117
538,1673286244000,123
539,1673286694000,124
539,1673286694000,127
539,1673286694000,131
540,1673286761000,123
541,1673287667000,107
542,1673287686000,101
542,1673287686000,119
543,1673288639000,104
543,1673288639000,108
543,1673288639000,128
544,1673289064000,111
544,1673289064000,120
545,1673289988000,113
545,1673289988000,113
545,1673289988000,118
545,1673289988000,121
546,1673290047000,126
547,1673290163000,107
548,1673291169000,109
549,1673291194000,107
549,1673291194000,106
550,1673291579000,131
550,1673291579000,114
551,1673292384000,125
551,1673292384000,121
551,1673292384000,106
551,1673292384000,114
552,1673292685000,103
552,1673292685000,126
552,1673292685000,117
553,1673295287000,129
554,1673295351000,103
554,1673295351000,126
555,1673295505000,101
555,1673295505000,109
556,1673295792000,125
556,1673295792000,NULL
557,1673296206000,120
557,1673296206000,122
558,1673297470000,109
559,1673298616000,108
560,1673298828000,126
560,1673298828000,122
561,1673300876000,123
562,1673301845000,103
563,1673302743000,129
563,1673302743000,132
564,1673303552000,128
564,1673303552000,113
564,1673303552000,123
565,1673352679000,127
566,1673353279000,123
567,1673353667000,101
567,1673353667000,124
567,1673353667000,125
567,1673353667000,113
567,1673353667000,120
567,1673353667000,120
567,1673353667000,121
567,1673353667000,122
567,1673353667000,123
567,1673353667000,106
568,1673353733000,129
569,1673354230000,101
569,1673354230000,103
569,1673354230000,108
570,1673356439000,126
570,1673356439000,105
571,1673356487000,107
572,1673356532000,105
573,1673357973000,108
573,1673357973000,124
574,1673358054000,127
575,1673358064000,108
575,1673358064000,111
575,1673358064000,113
575,1673358064000,131
576,1673358262000,107
576,1673358262000,103
576,1673358262000,131
577,1673358300000,131
577,1673358300000,132
578,1673358529000,101
578,1673358529000,116
578,1673358529000,113
578,1673358529000,118
578,1673358529000,NULL
579,1673358679000,126
580,1673358961000,109
580,1673358961000,105
581,1673359981000,129
582,1673360654000,128
583,1673361199000,117
584,1673363129000,120
584,1673363129000,121
585,1673366322000,115
585,1673366322000,129
586,1673366997000,110
586,1673366997000,105
587,1673368356000,118
587,1673368356000,118
588,1673368416000,102
589,1673370759000,117
589,1673370759000,128
589,1673370759000,132
590,1673371419000,124
591,1673371974000,125
591,1673371974000,105
591,1673371974000,130
592,1673372515000,127
592,1673372515000,112
592,1673372515000,106
593,1673372937000,102
593,1673372937000,122
594,1673373019000,116
595,1673374348000,108
595,1673374348000,119
596,1673375047000,112
596,1673375047000,121
597,1673375556000,102
597,1673375556000,119
597,1673375556000,122
598,1673375654000,119
599,1673375667000,118
600,1673376832000,108
600,1673376832000,125
600,1673376832000,128
600,1673376832000,129
601,1673377099000,101
601,1673377099000,108
601,1673377099000,130
602,1673377347000,118
603,1673377391000,129
604,1673378009000,121
604,1673378009000,123
605,1673378631000,113
605,1673378631000,NULL
606,1673378838000,113
607,1673379376000,101
607,1673379376000,117
607,1673379376000,123
608,1673379393000,109
608,1673379393000,113
608,1673379393000,106
608,1673379393000,106
609,1673379572000,125
610,1673380262000,107
610,1673380262000,113
611,1673380690000,124
611,1673380690000,129
611,1673380690000,105
611,1673380690000,NULL
612,1673380695000,107
612,1673380695000,117
612,1673380695000,129
612,1673380695000,121
613,1673381444000,111
614,1673381553000,118
615,1673381643000,102
615,1673381643000,112
616,1673382010000,119
616,1673382010000,132
617,1673382446000,104
617,1673382446000,105
618,1673382674000,119
618,1673382674000,130
619,1673383318000,110
620,1673383545000,101
620,1673383545000,102
620,1673383545000,118
620,1673383545000,114
621,1673383769000,116
621,1673383769000,125
621,1673383769000,129
621,1673383769000,122
622,1673384261000,117
622,1673384261000,122
623,1673385681000,102
623,1673385681000,109
624,1673385764000,102
624,1673385764000,132
625,1673387423000,131
625,1673387423000,123
626,1673387712000,108
626,1673387712000,125
627,1673389115000,114
627,1673389115000,114
628,1673390837000,108
628,1673390837000,127
628,1673390837000,114
628,1673390837000,132
629,1673390919000,116
629,1673390919000,124
629,1673390919000,112
629,1673390919000,130
630,1673437328000,120
631,1673437476000,113
632,1673437492000,108
633,1673437905000,128
633,1673437905000,113
633,1673437905000,118
634,1673439255000,113
635,1673439511000,116
635,1673439511000,102
635,1673439511000,109
635,1673439511000,129
635,1673439511000,113
635,1673439511000,113
635,1673439511000,118
635,1673439511000,120
635,1673439511000,131
635,1673439511000,131
636,1673440484000,108
637,1673441050000,114
637,1673441050000,132
638,1673441366000,129
639,1673443401000,112
640,1673443688000,102
640,1673443688000,104
640,1673443688000,111
641,1673444266000,113
641,1673444266000,105
641,1673444266000,130
641,1673444266000,131
642,1673444400000,116
642,1673444400000,102
642,1673444400000,117
642,1673444400000,121
643,1673444599000,131
644,1673445172000,117
644,1673445172000,118
645,1673445825000,101
645,1673445825000,107
646,1673446046000,109
646,1673446046000,106
647,1673446055000,109
648,1673446637000,125
648,1673446637000,113
649,1673447363000,102
649,1673447363000,113
649,1673447363000,118
649,1673447363000,120
650,1673447645000,113
651,1673448575000,101
651,1673448575000,116
651,1673448575000,113
652,1673453018000,107
652,1673453018000,103
652,1673453018000,104
652,1673453018000,119
653,1673453903000,106
654,1673454847000,129
654,1673454847000,120
654,1673454847000,130
655,1673455413000,117
656,1673455489000,106
656,1673455489000,132
657,1673455547000,101
657,1673455547000,108
658,1673456124000,111
658,1673456124000,118
658,1673456124000,132
659,1673456199000,117
659,1673456199000,120
660,1673456976000,101
660,1673456976000,117
661,1673457494000,111
662,1673457709000,101
662,1673457709000,119
663,1673458154000,125
664,1673458514000,116
664,1673458514000,117
664,1673458514000,113
665,1673458943000,101
665,1673458943000,128
666,1673458945000,109
667,1673460788000,107
667,1673460788000,113
668,1673460792000,117
668,1673460792000,129
668,1673460792000,118
668,1673460792000,122
669,1673462444000,110
669,1673462444000,129
670,1673462785000,110
670,1673462785000,121
671,1673464722000,104
672,1673464726000,126
672,1673464726000,122
673,1673465293000,121
673,1673465293000,106
674,1673465585000,104
674,1673465585000,129
674,1673465585000,119
674,1673465585000,131
675,1673465599000,111
676,1673466297000,129
676,1673466297000,132
677,1673466669000,118
678,1673466769000,129
678,1673466769000,111
678,1673466769000,122
679,1673469062000,115
679,1673469062000,125
679,1673469062000,117
679,1673469062000,128
680,1673471250000,104
680,1673471250000,120
681,1673472590000,118
682,1673523495000,117
683,1673523548000,104
683,1673523548000,127
683,1673523548000,118
684,1673524883000,125
685,1673525506000,121
686,1673525587000,107
687,1673526069000,127
688,1673526401000,122
688,1673526401000,123
689,1673526802000,106
689,1673526802000,106
690,1673527330000,113
691,1673527553000,101
692,1673528017000,102
692,1673528017000,127
693,1673528664000,101
693,1673528664000,107
693,1673528664000,126
693,1673528664000,110
694,1673530247000,127
694,1673530247000,112
694,1673530247000,113
695,1673530386000,105
696,1673531380000,119
696,1673531380000,122
697,1673531936000,108
697,1673531936000,130
698,1673532496000,107
698,1673532496000,112
698,1673532496000,106
699,1673533623000,113
700,1673533873000,115
700,1673533873000,104
700,1673533873000,110
700,1673533873000,118
700,1673533873000,120
701,1673534019000,109
701,1673534019000,119
702,1673534315000,101
702,1673534315000,120
703,1673536081000,118
704,1673537305000,116
704,1673537305000,128
705,1673537460000,126
705,1673537460000,117
705,1673537460000,105
706,1673537944000,102
706,1673537944000,111
707,1673538092000,101
707,1673538092000,118
707,1673538092000,105
708,1673538764000,125
709,1673538836000,101
710,1673539192000,109
710,1673539192000,105
710,1673539192000,114
710,1673539192000,NULL
711,1673540470000,103
711,1673540470000,129
711,1673540470000,112
711,1673540470000,120
712,1673540538000,127
713,1673541116000,124
713,1673541116000,128
714,1673542508000,108
714,1673542508000,109
714,1673542508000,109
714,1673542508000,110
715,1673543133000,113
715,1673543133000,118
715,1673543133000,131
716,1673543165000,107
717,1673544284000,101
717,1673544284000,105
718,1673545590000,102
718,1673545590000,105
719,1673545947000,101
719,1673545947000,129
720,1673546039000,126
720,1673546039000,111
720,1673546039000,112
720,1673546039000,120
721,1673547435000,108
721,1673547435000,122
722,1673547658000,111
722,1673547658000,130
723,1673547664000,101
723,1673547664000,113
724,1673547887000,107
724,1673547887000,126
724,1673547887000,105
725,1673548394000,107
725,1673548394000,129
725,1673548394000,106
725,1673548394000,NULL
726,1673548465000,120
727,1673549097000,120
728,1673549597000,105
728,1673549597000,106
728,1673549597000,114
729,1673551241000,108
729,1673551241000,109
729,1673551241000,120
730,1673551320000,117
731,1673551667000,120
731,1673551667000,132
732,1673551817000,131
733,1673553456000,102
733,1673553456000,110
733,1673553456000,113
733,1673553456000,106
734,1673553630000,113
735,1673555734000,104
735,1673555734000,112
735,1673555734000,112
736,1673559314000,124
736,1673559314000,132
737,1673609494000,101
737,1673609494000,106
738,1673612207000,105
739,1673612378000,107
740,1673612991000,102
740,1673612991000,104
740,1673612991000,124
740,1673612991000,125
740,1673612991000,110
740,1673612991000,117
740,1673612991000,111
740,1673612991000,119
740,1673612991000,120
740,1673612991000,131
740,1673612991000,131
740,1673612991000,131
740,1673612991000,NULL
741,1673614149000,111
742,1673614381000,101
743,1673615312000,111
744,1673616888000,118
745,1673617013000,101
745,1673617013000,102
745,1673617013000,108
745,1673617013000,125
745,1673617013000,128
745,1673617013000,111
745,1673617013000,114
746,1673617273000,122
746,1673617273000,132
747,1673619302000,129
747,1673619302000,120
747,1673619302000,122
748,1673620051000,124
749,1673620163000,113
750,1673621289000,112
751,1673622455000,116
751,1673622455000,109
751,1673622455000,111
751,1673622455000,132
752,1673623165000,109
752,1673623165000,121
753,1673623331000,126
753,1673623331000,109
753,1673623331000,117
753,1673623331000,119
754,1673624876000,112
754,1673624876000,105
755,1673625049000,101
755,1673625049000,125
756,1673625311000,104
756,1673625311000,130
756,1673625311000,132
757,1673626234000,111
757,1673626234000,113
757,1673626234000,122
757,1673626234000,132
758,1673626483000,125
758,1673626483000,119
759,1673626496000,116
760,1673627260000,102
761,1673627420000,120
761,1673627420000,121
762,1673627796000,110
762,1673627796000,121
762,1673627796000,106
762,1673627796000,NULL
763,1673627937000,108
764,1673627979000,117
764,1673627979000,NULL
765,1673629901000,102
765,1673629901000,110
765,1673629901000,118
765,1673629901000,120
766,1673630505000,127
766,1673630505000,129
766,1673630505000,105
767,1673630508000,108
768,1673630614000,115
769,1673631797000,125
770,1673631853000,118
770,1673631853000,120
771,1673632772000,102
771,1673632772000,120
772,1673633279000,127
773,1673633895000,108
773,1673633895000,112
774,1673634667000,104
774,1673634667000,131
775,1673635332000,101
775,1673635332000,124
775,1673635332000,112
775,1673635332000,119
776,1673635843000,131
776,1673635843000,106
777,1673637020000,101
777,1673637020000,114
778,1673637488000,125
778,1673637488000,117
778,1673637488000,119
778,1673637488000,105
779,1673637598000,108
779,1673637598000,110
779,1673637598000,117
779,1673637598000,117
780,1673640769000,107
780,1673640769000,110
781,1673641877000,110
781,1673641877000,105
781,1673641877000,105
781,1673641877000,132
782,1673642187000,116
782,1673642187000,106
783,1673644628000,131
783,1673644628000,106
783,1673644628000,132
784,1673645981000,111
785,1673695724000,109
785,1673695724000,105
786,1673696130000,124
787,1673696730000,102
787,1673696730000,122
788,1673696779000,120
789,1673697097000,131
790,1673698050000,124
790,1673698050000,123
791,1673699034000,113
791,1673699034000,106
792,1673699868000,103
792,1673699868000,125
792,1673699868000,127
792,1673699868000,129
792,1673699868000,119
792,1673699868000,130
792,1673699868000,132
793,1673699907000,119
794,1673699956000,111
795,1673700137000,124
796,1673700189000,129
797,1673700601000,118
797,1673700601000,119
797,1673700601000,132
798,1673700630000,124
798,1673700630000,126
798,1673700630000,121
798,1673700630000,131
799,1673700689000,117
799,1673700689000,112
799,1673700689000,106
800,1673700875000,116
800,1673700875000,109
800,1673700875000,127
800,1673700875000,111
800,1673700875000,105
800,1673700875000,122
801,1673701853000,101
801,1673701853000,108
801,1673701853000,108
801,1673701853000,117
801,1673701853000,111
801,1673701853000,120
801,1673701853000,120
801,1673701853000,105
801,1673701853000,105
801,1673701853000,130
801,1673701853000,123
801,1673701853000,106
802,1673702627000,103
802,1673702627000,109
803,1673703471000,117
804,1673703721000,119
805,1673705272000,107
805,1673705272000,125
806,1673705542000,101
807,1673705729000,107
808,1673705732000,118
809,1673706377000,109
810,1673707710000,127
811,1673707736000,132
812,1673710665000,116
812,1673710665000,112
813,1673712569000,102
813,1673712569000,105
814,1673713283000,108
814,1673713283000,132
815,1673714280000,111
816,1673715848000,105
816,1673715848000,132
817,1673716238000,108
817,1673716238000,113
817,1673716238000,105
817,1673716238000,106
818,1673716550000,112
818,1673716550000,120
818,1673716550000,120
819,1673716899000,101
819,1673716899000,120
820,1673717049000,105
820,1673717049000,123
821,1673717846000,124
822,1673717933000,NULL
823,1673718137000,101
823,1673718137000,102
823,1673718137000,114
824,1673718821000,102
824,1673718821000,108
824,1673718821000,117
824,1673718821000,120
825,1673719566000,124
825,1673719566000,120
826,1673719574000,104
826,1673719574000,117
826,1673719574000,113
827,1673719788000,103
827,1673719788000,111
828,1673720635000,104
828,1673720635000,118
829,1673720862000,111
829,1673720862000,118
829,1673720862000,122
829,1673720862000,123
830,1673721497000,109
830,1673721497000,117
830,1673721497000,113
831,1673721500000,116
831,1673721500000,104
831,1673721500000,104
831,1673721500000,108
832,1673722026000,109
833,1673723265000,107
833,1673723265000,111
834,1673724316000,104
834,1673724316000,113
834,1673724316000,119
834,1673724316000,131
835,1673726161000,101
835,1673726161000,101
835,1673726161000,113
835,1673726161000,105
836,1673726888000,124
836,1673726888000,125
836,1673726888000,109
836,1673726888000,NULL
837,1673727147000,117
838,1673728437000,103
838,1673728437000,117
838,1673728437000,132
839,1673728840000,129
840,1673729172000,117
841,1673729860000,118
842,1673730579000,130
842,1673730579000,131
842,1673730579000,123
843,1673731941000,123
844,1673732218000,132
845,1673732576000,108
845,1673732576000,124
845,1673732576000,117
845,1673732576000,105
846,1673734584000,102
846,1673734584000,124
847,1673782623000,113
848,1673783806000,107
849,1673784510000,108
849,1673784510000,120
849,1673784510000,122
849,1673784510000,122
850,1673784935000,125
850,1673784935000,105
850,1673784935000,106
851,1673785222000,101
852,1673786031000,106
853,1673786199000,113
854,1673787079000,113
854,1673787079000,121
855,1673787414000,124
855,1673787414000,120
855,1673787414000,105
855,1673787414000,130
855,1673787414000,132
856,1673787560000,122
857,1673787713000,111
858,1673787822000,118
858,1673787822000,106
858,1673787822000,132
859,1673787913000,107
859,1673787913000,116
859,1673787913000,103
859,1673787913000,114
860,1673788073000,120
860,1673788073000,122
861,1673788124000,119
862,1673788245000,105
863,1673788349000,106
864,1673791463000,107
864,1673791463000,109
864,1673791463000,117
864,1673791463000,128
864,1673791463000,120
864,1673791463000,131
864,1673791463000,123
864,1673791463000,114
864,1673791463000,132
865,1673791800000,108
866,1673792289000,118
867,1673792368000,109
867,1673792368000,109
868,1673792845000,121
869,1673793103000,123
869,1673793103000,106
870,1673793511000,124
870,1673793511000,125
871,1673793922000,103
872,1673794117000,119
873,1673795175000,113
874,1673796036000,112
874,1673796036000,105
875,1673796201000,102
876,1673796423000,109
876,1673796423000,105
876,1673796423000,122
877,1673796779000,125
878,1673798758000,102
879,1673799177000,105
879,1673799177000,123
879,1673799177000,132
880,1673799566000,113
880,1673799566000,113
881,1673800804000,102
881,1673800804000,117
882,1673801086000,119
882,1673801086000,131
882,1673801086000,106
883,1673801765000,102
883,1673801765000,108
883,1673801765000,109
883,1673801765000,119
884,1673801835000,109
885,1673801875000,129
885,1673801875000,120
885,1673801875000,122
885,1673801875000,NULL
886,1673802335000,128
886,1673802335000,120
886,1673802335000,122
887,1673802838000,113
887,1673802838000,122
888,1673802867000,120
888,1673802867000,121
889,1673803671000,101
890,1673803945000,125
891,1673804614000,130
892,1673805869000,125
892,1673805869000,128
893,1673806522000,125
894,1673806646000,111
895,1673806691000,101
895,1673806691000,109
895,1673806691000,113
896,1673807248000,102
896,1673807248000,124
897,1673808787000,110
897,1673808787000,129
897,1673808787000,131
898,1673809009000,108
899,1673809574000,122
899,1673809574000,NULL
900,1673809791000,113
900,1673809791000,113
901,1673810171000,107
902,1673810460000,118
903,1673810842000,108
903,1673810842000,118
903,1673810842000,121
904,1673813221000,101
904,1673813221000,112
905,1673813526000,101
905,1673813526000,127
905,1673813526000,132
906,1673815919000,121
906,1673815919000,105
907,1673816072000,120
908,1673818952000,113
908,1673818952000,106
909,1673867965000,101
909,1673867965000,127
909,1673867965000,122
910,1673868340000,110
910,1673868340000,119
910,1673868340000,132
911,1673868960000,101
911,1673868960000,131
912,1673869188000,112
913,1673870124000,123
914,1673871262000,132
915,1673871622000,101
915,1673871622000,124
915,1673871622000,126
915,1673871622000,111
915,1673871622000,113
915,1673871622000,113
915,1673871622000,119
915,1673871622000,122
916,1673872209000,117
916,1673872209000,129
916,1673872209000,113
916,1673872209000,NULL
917,1673872455000,105
918,1673874364000,131
919,1673874675000,111
920,1673875015000,101
920,1673875015000,108
921,1673875112000,105
921,1673875112000,130
922,1673875183000,116
922,1673875183000,113
922,1673875183000,105
923,1673875409000,129
923,1673875409000,131
924,1673875677000,113
924,1673875677000,105
925,1673876567000,132
926,1673877098000,108
926,1673877098000,113
926,1673877098000,120
926,1673877098000,132
927,1673877561000,102
927,1673877561000,103
927,1673877561000,108
927,1673877561000,125
927,1673877561000,109
927,1673877561000,110
927,1673877561000,129
927,1673877561000,111
927,1673877561000,131
928,1673878480000,102
928,1673878480000,106
929,1673879085000,124
930,1673881211000,110
930,1673881211000,111
930,1673881211000,112
931,1673882844000,101
931,1673882844000,124
931,1673882844000,118
932,1673883199000,116
932,1673883199000,106
933,1673884145000,124
934,1673884524000,106
935,1673885699000,107
935,1673885699000,122
935,1673885699000,131
935,1673885699000,114
936,1673885959000,120
937,1673886032000,122
938,1673887389000,117
938,1673887389000,118
938,1673887389000,131
939,1673888363000,118
939,1673888363000,130
940,1673888708000,111
940,1673888708000,112
940,1673888708000,118
941,1673888948000,126
941,1673888948000,110
942,1673889517000,101
942,1673889517000,105
943,1673889720000,120
944,1673891673000,108
945,1673891918000,101
945,1673891918000,124
945,1673891918000,125
945,1673891918000,109
946,1673892048000,102
946,1673892048000,113
946,1673892048000,130
946,1673892048000,123
947,1673892795000,102
947,1673892795000,113
947,1673892795000,NULL
948,1673894537000,112
948,1673894537000,113
948,1673894537000,122
948,1673894537000,132
949,1673895138000,129
949,1673895138000,132
950,1673895476000,102
951,1673895826000,127
952,1673895935000,107
952,1673895935000,116
952,1673895935000,118
952,1673895935000,131
953,1673896328000,101
953,1673896328000,103
953,1673896328000,131
954,1673896443000,106
955,1673897056000,102
955,1673897056000,124
955,1673897056000,111
956,1673897080000,119
956,1673897080000,106
957,1673897532000,125
957,1673897532000,126
957,1673897532000,127
957,1673897532000,130
958,1673897613000,113
959,1673897640000,102
959,1673897640000,130
960,1673897700000,122
961,1673898140000,101
961,1673898140000,110
962,1673898917000,107
962,1673898917000,112
963,1673899601000,102
963,1673899601000,104
963,1673899601000,120
964,1673900677000,107
964,1673900677000,125
965,1673901662000,126
965,1673901662000,122
965,1673901662000,131
965,1673901662000,106
966,1673902757000,120
966,1673902757000,131
967,1673903013000,128
968,1673904181000,109
968,1673904181000,110
969,1673904979000,129
970,1673905475000,108
970,1673905475000,122
971,1673905580000,103
971,1673905580000,108
971,1673905580000,117
971,1673905580000,120
972,1673906589000,113
972,1673906589000,113
973,1673906768000,129
974,1673906813000,108
975,1673907021000,126
975,1673907021000,128
976,1673956399000,113
977,1673956918000,112
977,1673956918000,106
978,1673958276000,101
978,1673958276000,107
978,1673958276000,115
978,1673958276000,109
978,1673958276000,109
978,1673958276000,117
978,1673958276000,117
978,1673958276000,128
978,1673958276000,118
978,1673958276000,122
978,1673958276000,106
979,1673960248000,130
980,1673960316000,102
980,1673960316000,111
980,1673960316000,120
980,1673960316000,123
980,1673960316000,106
980,1673960316000,106
981,1673963806000,101
982,1673964778000,125
982,1673964778000,109
982,1673964778000,113
982,1673964778000,105
983,1673965771000,107
984,1673966035000,110
985,1673966090000,109
985,1673966090000,127
985,1673966090000,121
986,1673966125000,132
987,1673966474000,101
987,1673966474000,116
987,1673966474000,119
988,1673966696000,127
989,1673968118000,109
990,1673969410000,113
991,1673970207000,107
991,1673970207000,121
992,1673970571000,117
993,1673972219000,101
994,1673972382000,102
994,1673972382000,109
994,1673972382000,106
994,1673972382000,106
995,1673974650000,102
996,1673975467000,110
996,1673975467000,110
996,1673975467000,111
996,1673975467000,130
997,1673975786000,129
998,1673975956000,110
999,1673976084000,105
1000,1673976264000,115
1000,1673976264000,128
1001,1673976485000,107
1001,1673976485000,113
1001,1673976485000,122
1002,1673976581000,101
1002,1673976581000,104
1003,1673976676000,102
1003,1673976676000,102
1003,1673976676000,113
1004,1673977445000,NULL
1005,1673977791000,101
1005,1673977791000,120
1006,1673980092000,106
1006,1673980092000,132
1007,1673980522000,132
1008,1673981399000,108
1008,1673981399000,114
1009,1673981904000,108
1009,1673981904000,126
1010,1673982911000,107
1010,1673982911000,103
1010,1673982911000,127
1011,1673983220000,112
1012,1673983532000,126
1012,1673983532000,119
1013,1673983600000,121
1013,1673983600000,123
1014,1673984297000,104
1014,1673984297000,113
1014,1673984297000,119
1014,1673984297000,105
1015,1673984571000,106
1016,1673984676000,102
1016,1673984676000,109
1016,1673984676000,120
1017,1673986412000,102
1018,1673987930000,101
1018,1673987930000,102
1018,1673987930000,112
1019,1673988654000,109
1019,1673988654000,121
1019,1673988654000,130
1020,1673989460000,101
1020,1673989460000,101
1020,1673989460000,113
1020,1673989460000,105
1021,1673989891000,101
1021,1673989891000,102
1021,1673989891000,128
1021,1673989891000,113
1022,1673990161000,106
1023,1673990418000,110
1024,1673990483000,101
1025,1673992140000,112
1025,1673992140000,113
1025,1673992140000,132
1026,1673992505000,102
1026,1673992505000,108
1027,1673992622000,125
1028,1673992965000,111
1028,1673992965000,120
1029,1673993187000,120
1029,1673993187000,114
1030,1673993639000,113
1030,1673993639000,118
1030,1673993639000,120
1030,1673993639000,122
1031,1674041943000,108
1031,1674041943000,109
1032,1674042313000,101
1033,1674042853000,102
1034,1674043679000,101
1034,1674043679000,129
1034,1674043679000,111
1034,1674043679000,111
1034,1674043679000,113
1034,1674043679000,120
1034,1674043679000,121
1034,1674043679000,131
1035,1674043995000,102
1035,1674043995000,126
1035,1674043995000,117
1035,1674043995000,128
1036,1674046169000,108
1036,1674046169000,117
1036,1674046169000,129
1036,1674046169000,106
1037,1674047094000,107
1037,1674047094000,104
1037,1674047094000,108
1037,1674047094000,117
1038,1674047699000,109
1038,1674047699000,113
1039,1674048811000,108
1040,1674050165000,118
1040,1674050165000,106
1041,1674050387000,120
1042,1674050779000,112
1043,1674050856000,125
1043,1674050856000,113
1043,1674050856000,118
1043,1674050856000,119
1043,1674050856000,120
1043,1674050856000,105
1043,1674050856000,122
1043,1674050856000,131
1044,1674051616000,NULL
1045,1674051734000,102
1046,1674052773000,108
1047,1674053437000,101
1047,1674053437000,125
1047,1674053437000,113
1048,1674053605000,132
1049,1674053868000,101
1050,1674054354000,131
1051,1674054525000,102
1052,1674055692000,118
1052,1674055692000,121
1053,1674056597000,102
1053,1674056597000,113
1053,1674056597000,123
1054,1674057364000,101
1054,1674057364000,113
1055,1674058034000,107
1056,1674058338000,101
1056,1674058338000,119
1056,1674058338000,106
1057,1674058717000,109
1057,1674058717000,113
1058,1674059409000,102
1059,1674059414000,101
1059,1674059414000,129
1059,1674059414000,113
1059,1674059414000,123
1060,1674059986000,129
1060,1674059986000,130
1061,1674062222000,119
1061,1674062222000,123
1062,1674062498000,117
1062,1674062498000,111
1063,1674062909000,107
1063,1674062909000,116
1063,1674062909000,129
1064,1674063000000,119
1065,1674064096000,101
1065,1674064096000,102
1065,1674064096000,104
1065,1674064096000,132
1066,1674065450000,102
1066,1674065450000,108
1066,1674065450000,127
1066,1674065450000,112
1067,1674065623000,102
1067,1674065623000,109
1067,1674065623000,118
1068,1674065792000,120
1068,1674065792000,105
1069,1674065987000,107
1069,1674065987000,120
1069,1674065987000,106
1070,1674066087000,101
1070,1674066087000,113
1071,1674066460000,112
1071,1674066460000,118
1071,1674066460000,130
1072,1674066752000,108
1072,1674066752000,124
1072,1674066752000,125
1073,1674067322000,124
1073,1674067322000,122
1073,1674067322000,130
1074,1674068514000,127
1075,1674069317000,129
1076,1674070575000,117
1076,1674070575000,113
1077,1674072805000,103
1078,1674073242000,125
1078,1674073242000,110
1079,1674074711000,126
1079,1674074711000,113
1079,1674074711000,106
1080,1674076978000,127
1080,1674076978000,120
1080,1674076978000,121
1080,1674076978000,122
1081,1674077225000,124
1082,1674127003000,118
1082,1674127003000,106
1083,1674127191000,105
1084,1674127653000,107
1085,1674128225000,109
1085,1674128225000,105
1085,1674128225000,131
1086,1674129437000,101
1086,1674129437000,128
1087,1674129458000,125
1087,1674129458000,131
1088,1674129652000,107
1088,1674129652000,128
1088,1674129652000,113
1088,1674129652000,106
1088,1674129652000,NULL
1089,1674129837000,107
1089,1674129837000,104
1089,1674129837000,130
1090,1674130464000,101
1090,1674130464000,102
1090,1674130464000,109
1090,1674130464000,117
1090,1674130464000,127
1090,1674130464000,127
1090,1674130464000,111
1091,1674130828000,113
1092,1674131018000,101
1092,1674131018000,102
1092,1674131018000,109
1093,1674131604000,108
1093,1674131604000,117
1093,1674131604000,111
1093,1674131604000,113
1093,1674131604000,119
1094,1674131630000,115
1094,1674131630000,104
1095,1674132444000,102
1095,1674132444000,125
1096,1674133005000,104
1096,1674133005000,124
1096,1674133005000,125
1096,1674133005000,128
1096,1674133005000,128
1096,1674133005000,111
1096,1674133005000,111
1096,1674133005000,112
1096,1674133005000,119
1096,1674133005000,121
1096,1674133005000,122
1096,1674133005000,132
1097,1674133327000,101
1098,1674134739000,111
1098,1674134739000,114
1099,1674135204000,117
1099,1674135204000,128
1100,1674135267000,103
1100,1674135267000,126
1100,1674135267000,129
1100,1674135267000,111
1100,1674135267000,106
1101,1674135386000,102
1102,1674137000000,110
1103,1674137292000,114
1104,1674139185000,102
1104,1674139185000,104
1104,1674139185000,126
1104,1674139185000,127
1105,1674141234000,116
1105,1674141234000,103
1105,1674141234000,106
1106,1674141459000,120
1107,1674143144000,121
1108,1674145129000,120
1109,1674145222000,112
1109,1674145222000,113
1110,1674146015000,109
1110,1674146015000,131
1111,1674146146000,117
1112,1674146760000,103
1112,1674146760000,109
1112,1674146760000,131
1112,1674146760000,NULL
1113,1674147644000,107
1113,1674147644000,109
1114,1674147653000,107
1114,1674147653000,124
1115,1674148135000,120
1115,1674148135000,106
1116,1674148155000,108
1116,1674148155000,119
1116,1674148155000,122
1116,1674148155000,130
1117,1674148405000,102
1118,1674148789000,131
1119,1674150143000,107
1119,1674150143000,110
1120,1674150406000,125
1120,1674150406000,112
1121,1674152108000,107
1121,1674152108000,NULL
1122,1674152204000,108
1122,1674152204000,105
1122,1674152204000,131
1122,1674152204000,106
1123,1674152496000,101
1123,1674152496000,109
1124,1674152966000,116
1124,1674152966000,110
1125,1674153940000,109
1125,1674153940000,129
1126,1674154126000,105
1127,1674154432000,108
1127,1674154432000,112
1127,1674154432000,132
1128,1674154794000,102
1128,1674154794000,106
1129,1674154820000,102
1129,1674154820000,109
1129,1674154820000,112
1130,1674154985000,124
1130,1674154985000,117
1131,1674155202000,126
1131,1674155202000,113
1132,1674157897000,102
1132,1674157897000,124
1132,1674157897000,125
1132,1674157897000,113
1133,1674158357000,110
1133,1674158357000,111
1133,1674158357000,112
1133,1674158357000,114
1134,1674158741000,112
1135,1674162941000,113
1136,1674165546000,117
1136,1674165546000,106
1136,1674165546000,132
1137,1674166408000,121
1137,1674166408000,132
1138,1674213709000,129
1139,1674213959000,117
1139,1674213959000,120
1139,1674213959000,122
1139,1674213959000,114
1140,1674214276000,110
1140,1674214276000,127
1140,1674214276000,129
1140,1674214276000,113
1140,1674214276000,NULL
1141,1674214508000,131
1142,1674214608000,120
1143,1674214653000,107
1143,1674214653000,124
1143,1674214653000,117
1144,1674216141000,129
1144,1674216141000,119
1145,1674216255000,104
1145,1674216255000,128
1145,1674216255000,122
1145,1674216255000,123
1146,1674216720000,123
1147,1674216745000,121
1148,1674217062000,107
1148,1674217062000,117
1149,1674217361000,126
1149,1674217361000,119
1150,1674218345000,102
1150,1674218345000,104
1150,1674218345000,108
1150,1674218345000,108
1150,1674218345000,124
1150,1674218345000,126
1150,1674218345000,117
1150,1674218345000,111
1150,1674218345000,111
1150,1674218345000,121
1150,1674218345000,105
1150,1674218345000,106
1151,1674218616000,125
1152,1674218663000,103
1153,1674219390000,107
1153,1674219390000,108
1153,1674219390000,124
1153,1674219390000,110
1153,1674219390000,117
1153,1674219390000,111
1153,1674219390000,118
1153,1674219390000,120
1153,1674219390000,121
1153,1674219390000,105
1153,1674219390000,122
1154,1674219578000,124
1154,1674219578000,113
1154,1674219578000,119
1155,1674219911000,109
1156,1674220455000,110
1157,1674220618000,107
1157,1674220618000,111
1158,1674220665000,102
1158,1674220665000,102
1158,1674220665000,106
1159,1674223601000,102
1160,1674224094000,102
1160,1674224094000,117
1160,1674224094000,112
1161,1674224501000,106
1162,1674225602000,116
1162,1674225602000,123
1163,1674226048000,102
1164,1674227611000,112
1164,1674227611000,132
1165,1674227726000,124
1165,1674227726000,117
1166,1674228308000,132
1167,1674228489000,119
1168,1674230285000,132
1169,1674230905000,110
1169,1674230905000,127
1169,1674230905000,113
1170,1674232644000,101
1171,1674232918000,108
1172,1674233603000,108
1172,1674233603000,114
1173,1674233825000,125
1173,1674233825000,132
1174,1674234178000,121
1174,1674234178000,123
1175,1674234314000,110
1175,1674234314000,118
1175,1674234314000,120
1175,1674234314000,121
1176,1674234319000,108
1176,1674234319000,118
1176,1674234319000,120
1176,1674234319000,122
1177,1674235649000,108
1177,1674235649000,113
1178,1674237673000,122
1179,1674237748000,121
1180,1674238351000,115
1180,1674238351000,124
1181,1674238673000,102
1182,1674239628000,101
1182,1674239628000,115
1182,1674239628000,124
1182,1674239628000,130
1183,1674240690000,102
1183,1674240690000,113
1184,1674241475000,123
1185,1674241826000,109
1186,1674242395000,125
1186,1674242395000,106
1187,1674242500000,105
1188,1674242725000,123
1189,1674243647000,101
1190,1674243795000,108
1190,1674243795000,118
1191,1674244601000,117
1191,1674244601000,111
1192,1674245727000,106
1193,1674246382000,102
1193,1674246382000,118
1193,1674246382000,120
1193,1674246382000,132
1194,1674246438000,118
1194,1674246438000,122
1195,1674247192000,102
1195,1674247192000,124
1195,1674247192000,105
1196,1674247481000,124
1196,1674247481000,131
1197,1674248021000,126
1198,1674252128000,128
1199,1674252620000,103
1200,1674252881000,103
1200,1674252881000,119
1201,1674254410000,124
1201,1674254410000,122
1202,1674301826000,107
1203,1674302062000,117
1204,1674303818000,107
1204,1674303818000,109
1204,1674303818000,120
1204,1674303818000,132
1205,1674304153000,132
1206,1674304718000,102
1206,1674304718000,108
1206,1674304718000,124
1206,1674304718000,109
1206,1674304718000,110
1206,1674304718000,117
1206,1674304718000,119
1206,1674304718000,120
1206,1674304718000,120
1206,1674304718000,106
1207,1674305562000,116
1207,1674305562000,123
1208,1674306201000,110
1209,1674306832000,125
1209,1674306832000,132
1210,1674307241000,102
1211,1674308271000,130
1212,1674308545000,128
1212,1674308545000,113
1213,1674309533000,113
1213,1674309533000,105
1214,1674309605000,101
1214,1674309605000,102
1214,1674309605000,125
1214,1674309605000,110
1214,1674309605000,117
1214,1674309605000,117
1214,1674309605000,127
1214,1674309605000,129
1214,1674309605000,105
1214,1674309605000,132
1214,1674309605000,132
1215,1674309724000,131
1216,1674310109000,101
1217,1674311195000,102
1218,1674311250000,113
1218,1674311250000,118
1218,1674311250000,122
1218,1674311250000,131
1219,1674313990000,112
1219,1674313990000,120
1219,1674313990000,114
1219,1674313990000,132
1220,1674314403000,116
1221,1674314616000,104
1221,1674314616000,113
1222,1674315143000,108
1222,1674315143000,106
1223,1674315397000,119
1224,1674315947000,111
1224,1674315947000,106
1225,1674316747000,113
1225,1674316747000,120
1226,1674317457000,107
1226,1674317457000,125
1226,1674317457000,110
1226,1674317457000,111
1227,1674318021000,109
1228,1674318396000,127
1228,1674318396000,111
1229,1674318499000,109
1230,1674319108000,127
1230,1674319108000,112
1230,1674319108000,123
1230,1674319108000,106
1231,1674319504000,102
1231,1674319504000,122
1232,1674319836000,113
1232,1674319836000,119
1232,1674319836000,121
1232,1674319836000,132
1233,1674321087000,102
1233,1674321087000,125
1233,1674321087000,126
1233,1674321087000,110
1234,1674322619000,109
1234,1674322619000,131
1235,1674323758000,126
1235,1674323758000,112
1235,1674323758000,106
1236,1674323792000,128
1237,1674324640000,116
1237,1674324640000,120
1238,1674325131000,104
1238,1674325131000,124
1238,1674325131000,128
1238,1674325131000,106
1239,1674325349000,102
1240,1674326450000,103
1240,1674326450000,121
1240,1674326450000,132
1241,1674326582000,101
1241,1674326582000,104
1241,1674326582000,131
1242,1674327051000,120
1242,1674327051000,120
1242,1674327051000,106
1242,1674327051000,NULL
1243,1674327747000,118
1243,1674327747000,122
1244,1674329072000,101
1244,1674329072000,115
1244,1674329072000,111
1244,1674329072000,113
1245,1674329195000,103
1246,1674329764000,107
1246,1674329764000,124
1246,1674329764000,123
1247,1674330877000,108
1247,1674330877000,125
1247,1674330877000,109
1248,1674332031000,123
1249,1674333644000,125
1249,1674333644000,123
1250,1674335348000,107
1250,1674335348000,127
1250,1674335348000,113
1250,1674335348000,118
1251,1674335557000,118
1252,1674336727000,102
1253,1674387292000,128
1253,1674387292000,105
1254,1674388563000,115
1254,1674388563000,120
1255,1674389134000,127
1255,1674389134000,131
1255,1674389134000,132
1256,1674389175000,117
1257,1674389273000,125
1257,1674389273000,120
1257,1674389273000,132
1258,1674389933000,102
1259,1674390167000,101
1260,1674390667000,132
1261,1674390720000,107
1261,1674390720000,104
1261,1674390720000,113
1261,1674390720000,NULL
1262,1674390753000,129
1263,1674391152000,124
1264,1674392310000,122
1264,1674392310000,131
1265,1674392366000,101
1265,1674392366000,124
1265,1674392366000,109
1265,1674392366000,127
1265,1674392366000,128
1265,1674392366000,111
1265,1674392366000,112
1265,1674392366000,105
1265,1674392366000,130
1265,1674392366000,106
1265,1674392366000,132
1266,1674392391000,101
1266,1674392391000,104
1267,1674392487000,112
1268,1674392499000,109
1268,1674392499000,117
1268,1674392499000,106
1269,1674392681000,116
1270,1674393135000,132
1271,1674393257000,108
1271,1674393257000,111
1271,1674393257000,105
1272,1674393277000,104
1272,1674393277000,129
1273,1674393717000,107
1274,1674393854000,101
1274,1674393854000,101
1274,1674393854000,102
1274,1674393854000,103
1274,1674393854000,104
1274,1674393854000,108
1274,1674393854000,125
1274,1674393854000,109
1274,1674393854000,127
1274,1674393854000,120
1274,1674393854000,131
1274,1674393854000,106
1274,1674393854000,132
1275,1674393985000,127
1276,1674395196000,127
1277,1674395204000,108
1277,1674395204000,123
1278,1674396454000,101
1278,1674396454000,131
1278,1674396454000,106
1278,1674396454000,114
1279,1674396998000,122
1279,1674396998000,122
1280,1674398694000,125
1281,1674400390000,120
1282,1674400614000,107
1282,1674400614000,113
1283,1674402462000,104
1283,1674402462000,108
1283,1674402462000,117
1283,1674402462000,122
1284,1674402818000,102
1284,1674402818000,109
1285,1674404322000,113
1285,1674404322000,130
1286,1674404953000,109
1286,1674404953000,113
1287,1674405505000,108
1288,1674407407000,103
1289,1674407514000,101
1289,1674407514000,108
1290,1674407839000,101
1290,1674407839000,112
1290,1674407839000,122
1290,1674407839000,114
1291,1674408013000,111
1291,1674408013000,113
1291,1674408013000,122
1291,1674408013000,114
1292,1674408948000,124
1292,1674408948000,109
1293,1674409079000,112
1294,1674409381000,109
1294,1674409381000,127
1295,1674409499000,102
1295,1674409499000,102
1295,1674409499000,117
1296,1674409613000,103
1296,1674409613000,125
1297,1674409913000,108
1297,1674409913000,128
1297,1674409913000,120
1297,1674409913000,122
1298,1674410065000,124
1298,1674410065000,111
1298,1674410065000,NULL
1299,1674410167000,117
1299,1674410167000,113
1299,1674410167000,120
1300,1674412131000,113
1300,1674412131000,105
1301,1674412928000,101
1301,1674412928000,108
1301,1674412928000,106
1301,1674412928000,NULL
1302,1674413044000,109
1302,1674413044000,109
1303,1674413593000,107
1303,1674413593000,129
1303,1674413593000,129
1303,1674413593000,118
1304,1674414170000,113
1305,1674415441000,120
1306,1674416125000,124
1306,1674416125000,105
1307,1674416360000,115
1308,1674416594000,116
1309,1674417882000,108
1310,1674418773000,102
1310,1674418773000,131
1311,1674418888000,124
1311,1674418888000,106
1312,1674419021000,131
1313,1674419069000,113
1314,1674420055000,108
1314,1674420055000,111
1314,1674420055000,132
1315,1674420404000,119
1315,1674420404000,130
1316,1674420492000,111
1317,1674421241000,106
1318,1674423408000,117
1318,1674423408000,106
1319,1674426245000,113
1319,1674426245000,118
1319,1674426245000,130
1320,1674428551000,124
1320,1674428551000,105
1321,1674472632000,124
1321,1674472632000,111
1321,1674472632000,118
1322,1674473308000,102
1322,1674473308000,118
1323,1674474337000,124
1323,1674474337000,109
1323,1674474337000,109
1323,1674474337000,110
1323,1674474337000,129
1323,1674474337000,112
1323,1674474337000,120
1323,1674474337000,105
1323,1674474337000,114
1324,1674474416000,116
1324,1674474416000,111
1324,1674474416000,119
1325,1674474645000,108
1325,1674474645000,129
1325,1674474645000,112
1326,1674475254000,103
1326,1674475254000,125
1327,1674475261000,127
1328,1674476982000,101
1329,1674478151000,118
1330,1674478493000,107
1330,1674478493000,126
1331,1674478496000,112
1331,1674478496000,119
1331,1674478496000,106
1332,1674478529000,112
1333,1674478627000,125
1333,1674478627000,112
1334,1674478858000,125
1335,1674479436000,121
1336,1674479650000,113
1337,1674481489000,107
1338,1674481621000,117
1338,1674481621000,119
1338,1674481621000,NULL
1339,1674483045000,107
1339,1674483045000,127
1340,1674483146000,124
1340,1674483146000,125
1340,1674483146000,126
1340,1674483146000,110
1340,1674483146000,122
1340,1674483146000,130
1341,1674483337000,103
1341,1674483337000,108
1341,1674483337000,125
1341,1674483337000,110
1342,1674483425000,102
1343,1674484151000,106
1344,1674485938000,124
1345,1674486062000,129
1345,1674486062000,130
1346,1674487517000,125
1346,1674487517000,106
1347,1674487979000,101
1347,1674487979000,125
1347,1674487979000,109
1348,1674489001000,106
1349,1674489788000,122
1349,1674489788000,132
1350,1674489924000,102
1350,1674489924000,113
1351,1674489960000,117
1351,1674489960000,111
1352,1674490341000,129
1352,1674490341000,113
1352,1674490341000,131
1353,1674490886000,101
1353,1674490886000,108
1354,1674490941000,129
1355,1674491425000,109
1355,1674491425000,113
1356,1674493860000,120
1356,1674493860000,122
1357,1674494278000,107
1357,1674494278000,122
1358,1674494647000,102
1359,1674495089000,118
1360,1674495213000,105
1361,1674495991000,113
1361,1674495991000,131
1362,1674496003000,101
1362,1674496003000,117
1363,1674496005000,127
1363,1674496005000,112
1363,1674496005000,105
1363,1674496005000,132
1364,1674496242000,101
1364,1674496242000,107
1364,1674496242000,110
1365,1674496487000,105
1366,1674497269000,113
1366,1674497269000,119
1367,1674497362000,111
1367,1674497362000,118
1367,1674497362000,118
1367,1674497362000,120
1368,1674498121000,101
1368,1674498121000,106
1369,1674498719000,124
1369,1674498719000,125
1370,1674499557000,111
1370,1674499557000,111
1371,1674500040000,101
1372,1674500230000,107
1372,1674500230000,110
1373,1674500430000,113
1373,1674500430000,122
1374,1674500816000,109
1374,1674500816000,114
1375,1674501168000,101
1375,1674501168000,101
1375,1674501168000,107
1376,1674501186000,119
1377,1674501560000,107
1377,1674501560000,125
1377,1674501560000,127
1377,1674501560000,128
1378,1674501804000,101
1378,1674501804000,125
1379,1674502387000,125
1379,1674502387000,119
1379,1674502387000,121
1380,1674503481000,117
1380,1674503481000,113
1380,1674503481000,105
1381,1674504534000,102
1381,1674504534000,131
1381,1674504534000,106
1382,1674504695000,109
1382,1674504695000,129
1382,1674504695000,113
1383,1674505499000,124
1384,1674505861000,108
1384,1674505861000,132
1385,1674507450000,104
1385,1674507450000,112
1386,1674507684000,101
1386,1674507684000,110
1387,1674508298000,111
1387,1674508298000,120
1387,1674508298000,106
1388,1674511452000,102
1389,1674511537000,108
1390,1674560320000,106
1391,1674563168000,117
1391,1674563168000,121
1391,1674563168000,123
1391,1674563168000,123
1392,1674563859000,126
1392,1674563859000,111
1393,1674564183000,101
1393,1674564183000,106
1394,1674566755000,109
1395,1674567172000,106
1396,1674567273000,104
1397,1674568585000,124
1398,1674569076000,108
1398,1674569076000,109
1398,1674569076000,130
1398,1674569076000,130
1398,1674569076000,106
1398,1674569076000,106
1399,1674569258000,107
1399,1674569258000,111
1399,1674569258000,119
1399,1674569258000,106
1400,1674569306000,108
1401,1674570017000,106
1402,1674570237000,108
1402,1674570237000,109
1402,1674570237000,121
1403,1674571486000,129
1404,1674572378000,126
1404,1674572378000,118
1405,1674572413000,101
1405,1674572413000,102
1405,1674572413000,120
1406,1674572937000,108
1407,1674573426000,129
1408,1674576314000,112
1408,1674576314000,123
1409,1674576370000,119
1410,1674577058000,107
1410,1674577058000,127
1410,1674577058000,120
1411,1674578213000,113
1411,1674578213000,130
1411,1674578213000,123
1412,1674578371000,124
1412,1674578371000,131
1413,1674578883000,109
1413,1674578883000,117
1413,1674578883000,119
1413,1674578883000,120
1414,1674578955000,120
1415,1674579862000,129
1416,1674580719000,102
1416,1674580719000,118
1416,1674580719000,119
1416,1674580719000,121
1417,1674581465000,110
1417,1674581465000,117
1417,1674581465000,129
1417,1674581465000,111
1418,1674582634000,120
1419,1674583668000,111
1419,1674583668000,132
1420,1674583844000,115
1420,1674583844000,116
1420,1674583844000,130
1421,1674584221000,122
1422,1674584802000,129
1422,1674584802000,106
1423,1674585143000,107
1423,1674585143000,108
1423,1674585143000,119
1424,1674585804000,118
1424,1674585804000,132
1425,1674586251000,102
1425,1674586251000,128
1425,1674586251000,106
1426,1674587166000,118
1427,1674588366000,124
1427,1674588366000,117
1427,1674588366000,119
1428,1674588837000,104
1428,1674588837000,132
1429,1674588982000,108
1429,1674588982000,124
1429,1674588982000,112
1429,1674588982000,118
1430,1674589196000,102
1430,1674589196000,127
1430,1674589196000,NULL
1431,1674589203000,129
1432,1674589312000,102
1432,1674589312000,117
1432,1674589312000,127
1433,1674589403000,110
1433,1674589403000,119
1434,1674589420000,115
1434,1674589420000,129
1435,1674589496000,117
1435,1674589496000,119
1435,1674589496000,120
1435,1674589496000,114
1436,1674589566000,126
1436,1674589566000,130
1436,1674589566000,114
1437,1674589670000,101
1438,1674590047000,126
1438,1674590047000,117
1439,1674590192000,118
1439,1674590192000,132
1440,1674590193000,108
1441,1674591180000,117
1441,1674591180000,105
1442,1674591680000,103
1442,1674591680000,131
1442,1674591680000,131
1442,1674591680000,132
1443,1674591814000,108
1443,1674591814000,113
1444,1674592150000,110
1445,1674592180000,107
1445,1674592180000,116
1445,1674592180000,102
1445,1674592180000,106
1446,1674592847000,103
1446,1674592847000,111
1447,1674592888000,125
1447,1674592888000,119
1448,1674593969000,117
1449,1674594747000,105
1449,1674594747000,122
1450,1674595388000,101
1450,1674595388000,101
1450,1674595388000,124
1450,1674595388000,113
1451,1674595439000,124
1451,1674595439000,125
1451,1674595439000,109
1451,1674595439000,112
1452,1674599531000,128
1452,1674599531000,119
1453,1674649476000,116
1453,1674649476000,121
1453,1674649476000,105
1453,1674649476000,106
1454,1674649671000,109
1454,1674649671000,114
1455,1674653403000,109
1456,1674653714000,101
1457,1674653753000,101
1457,1674653753000,107
1457,1674653753000,115
1457,1674653753000,108
1457,1674653753000,124
1457,1674653753000,112
1457,1674653753000,105
1457,1674653753000,122
1457,1674653753000,106
1457,1674653753000,132
1458,1674654365000,102
1458,1674654365000,110
1458,1674654365000,111
1458,1674654365000,119
1459,1674655271000,128
1459,1674655271000,129
1460,1674656233000,123
1461,1674656462000,108
1461,1674656462000,125
1461,1674656462000,128
1461,1674656462000,111
1461,1674656462000,131
1462,1674657127000,131
1463,1674657164000,129
1464,1674657829000,101
1465,1674657905000,109
1465,1674657905000,118
1466,1674658085000,113
1466,1674658085000,106
1467,1674658229000,101
1468,1674659116000,101
1468,1674659116000,118
1469,1674660201000,116
1469,1674660201000,119
1470,1674660545000,101
1470,1674660545000,120
1471,1674662820000,107
1471,1674662820000,116
1471,1674662820000,102
1471,1674662820000,125
1472,1674664356000,129
1472,1674664356000,132
1473,1674664614000,119
1473,1674664614000,119
1474,1674665532000,107
1474,1674665532000,121
1475,1674665961000,125
1475,1674665961000,113
1475,1674665961000,119
1475,1674665961000,130
1476,1674666306000,101
1477,1674666534000,131
1478,1674667583000,104
1478,1674667583000,113
1478,1674667583000,119
1478,1674667583000,114
1479,1674667814000,115
1479,1674667814000,120
1480,1674668900000,125
1480,1674668900000,111
1481,1674670346000,103
1481,1674670346000,105
1482,1674671536000,129
1483,1674671950000,107
1483,1674671950000,103
1483,1674671950000,129
1484,1674673063000,107
1484,1674673063000,102
1484,1674673063000,106
1485,1674673515000,115
1485,1674673515000,131
1486,1674673743000,127
1487,1674675707000,118
1488,1674676168000,112
1488,1674676168000,131
1489,1674676914000,113
1490,1674677233000,125
1490,1674677233000,128
1490,1674677233000,114
1490,1674677233000,132
1491,1674677980000,107
1492,1674679616000,101
1492,1674679616000,109
1492,1674679616000,111
1492,1674679616000,113
1493,1674680440000,125
1494,1674680510000,111
1494,1674680510000,120
1494,1674680510000,132
1495,1674681452000,129
1495,1674681452000,122
1495,1674681452000,130
1496,1674682358000,111
1497,1674731757000,107
1497,1674731757000,116
1497,1674731757000,117
1498,1674732310000,106
1499,1674732813000,109
1500,1674733977000,108
1500,1674733977000,111
1500,1674733977000,120
1500,1674733977000,122
1501,1674734635000,102
1501,1674734635000,125
1501,1674734635000,113
1501,1674734635000,122
1502,1674734688000,125
1502,1674734688000,NULL
1503,1674735049000,117
1504,1674737078000,107
1504,1674737078000,102
1504,1674737078000,102
1504,1674737078000,126
1504,1674737078000,128
1504,1674737078000,113
1504,1674737078000,113
1504,1674737078000,105
1504,1674737078000,130
1504,1674737078000,106
1505,1674737254000,115
1505,1674737254000,102
1505,1674737254000,108
1505,1674737254000,132
1506,1674737764000,114
1507,1674738165000,119
1508,1674738239000,124
1509,1674738505000,102
1509,1674738505000,126
1509,1674738505000,127
1509,1674738505000,112
1509,1674738505000,120
1510,1674738918000,125
1511,1674739457000,124
1512,1674739652000,119
1513,1674740761000,113
1513,1674740761000,113
1514,1674741081000,107
1514,1674741081000,120
1515,1674741156000,129
1516,1674741276000,113
1516,1674741276000,120
1517,1674741361000,105
1518,1674741613000,117
1519,1674742870000,114
1520,1674743120000,102
1520,1674743120000,103
1521,1674743577000,109
1521,1674743577000,120
1522,1674743732000,107
1522,1674743732000,108
1522,1674743732000,108
1522,1674743732000,117
1523,1674743893000,119
1524,1674744437000,132
1525,1674744466000,118
1526,1674744906000,106
1527,1674746070000,116
1527,1674746070000,126
1528,1674746678000,NULL
1529,1674747332000,118
1529,1674747332000,114
1530,1674748149000,125
1530,1674748149000,128
1531,1674748730000,109
1532,1674749086000,107
1532,1674749086000,113
1533,1674749282000,101
1533,1674749282000,112
1534,1674750083000,128
1534,1674750083000,130
1534,1674750083000,114
1535,1674751101000,101
1535,1674751101000,125
1535,1674751101000,127
1535,1674751101000,131
1536,1674751931000,116
1536,1674751931000,113
1536,1674751931000,120
1537,1674752694000,104
1538,1674752796000,103
1538,1674752796000,130
1538,1674752796000,131
1539,1674756223000,124
1539,1674756223000,117
1539,1674756223000,106
1540,1674756536000,127
1540,1674756536000,121
1541,1674756606000,106
1542,1674758242000,116
1542,1674758242000,130
1542,1674758242000,123
1542,1674758242000,106
1543,1674760871000,124
1543,1674760871000,106
1544,1674761570000,111
1544,1674761570000,122
1545,1674761603000,109
1546,1674762161000,105
1547,1674766718000,110
1547,1674766718000,131
1548,1674766791000,110
1548,1674766791000,105
1549,1674767575000,105
1550,1674768199000,107
1550,1674768199000,118
1551,1674769071000,130
1552,1674818610000,110
1553,1674820060000,116
1554,1674820639000,127
1554,1674820639000,118
1554,1674820639000,119
1555,1674821274000,132
1556,1674821955000,129
1556,1674821955000,105
1557,1674822081000,109
1558,1674822475000,127
1558,1674822475000,132
1559,1674822852000,109
1560,1674824177000,117
1560,1674824177000,111
1561,1674824195000,103
1562,1674824408000,108
1563,1674824678000,108
1563,1674824678000,110
1564,1674824750000,124
1564,1674824750000,109
1564,1674824750000,129
1564,1674824750000,113
1565,1674825680000,101
1565,1674825680000,102
1565,1674825680000,110
1565,1674825680000,110
1566,1674825782000,131
1567,1674826268000,109
1567,1674826268000,129
1567,1674826268000,119
1568,1674826726000,102
1568,1674826726000,108
1568,1674826726000,127
1568,1674826726000,131
1569,1674826730000,101
1569,1674826730000,115
1569,1674826730000,109
1569,1674826730000,110
1569,1674826730000,111
1569,1674826730000,113
1569,1674826730000,113
1569,1674826730000,118
1569,1674826730000,121
1569,1674826730000,105
1569,1674826730000,122
1569,1674826730000,123
1569,1674826730000,106
1570,1674827365000,102
1571,1674829945000,101
1572,1674830018000,120
1572,1674830018000,123
1572,1674830018000,106
1573,1674830390000,106
1574,1674833542000,101
1574,1674833542000,118
1574,1674833542000,131
1575,1674833833000,112
1576,1674834262000,121
1576,1674834262000,114
1577,1674834507000,112
1578,1674835660000,125
1578,1674835660000,129
1578,1674835660000,113
1578,1674835660000,NULL
1579,1674836396000,108
1579,1674836396000,122
1580,1674836851000,126
1580,1674836851000,132
1581,1674836918000,NULL
1582,1674837295000,102
1582,1674837295000,109
1582,1674837295000,121
1582,1674837295000,106
1583,1674838863000,103
1583,1674838863000,121
1584,1674839335000,112
1584,1674839335000,105
1585,1674839666000,107
1585,1674839666000,110
1585,1674839666000,119
1586,1674839731000,110
1586,1674839731000,105
1586,1674839731000,131
1587,1674840415000,113
1588,1674840559000,131
1588,1674840559000,123
1589,1674841562000,128
1589,1674841562000,121
1589,1674841562000,105
1590,1674842176000,103
1590,1674842176000,111
1590,1674842176000,113
1590,1674842176000,130
1591,1674842416000,107
1591,1674842416000,102
1591,1674842416000,125
1591,1674842416000,120
1592,1674842571000,104
1593,1674842785000,116
1593,1674842785000,119
1593,1674842785000,122
1593,1674842785000,114
1594,1674843362000,104
1595,1674843458000,120
1595,1674843458000,114
1596,1674843727000,121
1596,1674843727000,106
1597,1674843743000,105
1598,1674844286000,125
1598,1674844286000,119
1599,1674844439000,124
1599,1674844439000,119
1600,1674844674000,111
1600,1674844674000,112
1601,1674845281000,110
1601,1674845281000,114
1602,1674845355000,116
1602,1674845355000,106
1603,1674847005000,109
1604,1674849901000,129
1604,1674849901000,111
1605,1674849927000,110
1605,1674849927000,127
1606,1674850057000,128
1606,1674850057000,113
1607,1674850167000,115
1607,1674850167000,109
1607,1674850167000,110
1608,1674850232000,132
1609,1674850668000,109
1609,1674850668000,128
1610,1674852191000,119
1611,1674853384000,108
1611,1674853384000,112
1611,1674853384000,113
1611,1674853384000,118
1612,1674853409000,122
1612,1674853409000,114
1613,1674853559000,125
1613,1674853559000,110
1613,1674853559000,105
1613,1674853559000,132
1614,1674857401000,107
1614,1674857401000,111
1615,1674857498000,111
1616,1674858145000,113
1616,1674858145000,123
1617,1674858326000,125
1617,1674858326000,118
1618,1674905313000,107
1618,1674905313000,104
1618,1674905313000,113
1618,1674905313000,120
1619,1674905794000,101
1619,1674905794000,108
1620,1674905930000,118
1620,1674905930000,122
1621,1674906234000,107
1622,1674906582000,115
1622,1674906582000,122
1623,1674906641000,117
1624,1674906946000,102
1625,1674907122000,117
1626,1674907456000,109
1627,1674907780000,101
1628,1674908199000,115
1628,1674908199000,125
1628,1674908199000,131
1629,1674908229000,108
1629,1674908229000,118
1629,1674908229000,106
1630,1674908390000,124
1630,1674908390000,126
1630,1674908390000,113
1631,1674908411000,108
1631,1674908411000,132
1632,1674908431000,112
1632,1674908431000,122
1632,1674908431000,131
1633,1674909952000,113
1633,1674909952000,120
1633,1674909952000,130
1634,1674910063000,126
1635,1674911257000,107
1636,1674911272000,132
1637,1674912068000,101
1637,1674912068000,108
1637,1674912068000,120
1638,1674912865000,110
1638,1674912865000,129
1638,1674912865000,131
1638,1674912865000,NULL
1639,1674913077000,101
1639,1674913077000,104
1639,1674913077000,109
1639,1674913077000,109
1639,1674913077000,109
1639,1674913077000,118
1639,1674913077000,119
1639,1674913077000,NULL
1640,1674913542000,131
1641,1674915708000,108
1641,1674915708000,113
1642,1674916009000,102
1642,1674916009000,108
1642,1674916009000,121
1642,1674916009000,105
1643,1674917205000,102
1643,1674917205000,103
1643,1674917205000,111
1644,1674918074000,101
1644,1674918074000,101
1644,1674918074000,108
1645,1674918961000,132
1646,1674919710000,101
1646,1674919710000,110
1646,1674919710000,111
1647,1674919764000,125
1648,1674920595000,117
1648,1674920595000,129
1648,1674920595000,105
1648,1674920595000,122
1649,1674923171000,116
1650,1674923745000,101
1650,1674923745000,102
1650,1674923745000,110
1650,1674923745000,105
1651,1674924016000,127
1652,1674924979000,106
1652,1674924979000,132
1653,1674926933000,107
1653,1674926933000,129
1654,1674927096000,120
1654,1674927096000,122
1655,1674929714000,101
1655,1674929714000,121
1655,1674929714000,122
1656,1674929757000,109
1656,1674929757000,112
1656,1674929757000,131
1656,1674929757000,114
1657,1674930254000,101
1657,1674930254000,131
1658,1674931460000,108
1658,1674931460000,121
1659,1674931686000,124
1659,1674931686000,110
1659,1674931686000,112
1659,1674931686000,120
1660,1674932412000,107
1661,1674932734000,103
1661,1674932734000,111
1662,1674935665000,111
1663,1674938778000,127
1663,1674938778000,127
1663,1674938778000,120
1663,1674938778000,106
1664,1674940150000,129
1665,1674941072000,120
1665,1674941072000,106
1666,1674941338000,120
1667,1674942102000,111
1668,1674944924000,107
1668,1674944924000,109
1668,1674944924000,113
1669,1674992616000,104
1670,1674993131000,124
1670,1674993131000,105
1670,1674993131000,122
1670,1674993131000,132
1671,1674993301000,101
1671,1674993301000,102
1672,1674994486000,130
1673,1674994742000,129
1674,1674995177000,124
1675,1674995213000,109
1675,1674995213000,113
1675,1674995213000,120
1675,1674995213000,122
1676,1674995971000,125
1677,1674996339000,104
1678,1674997611000,113
1679,1674997732000,116
1680,1674997844000,NULL
1681,1674998619000,101
1681,1674998619000,102
1682,1674998830000,101
1682,1674998830000,113
1683,1674998861000,129
1684,1674999196000,101
1684,1674999196000,107
1684,1674999196000,113
1684,1674999196000,120
1684,1674999196000,121
1684,1674999196000,106
1685,1674999412000,101
1685,1674999412000,102
1685,1674999412000,124
1685,1674999412000,110
1685,1674999412000,117
1685,1674999412000,128
1685,1674999412000,128
1685,1674999412000,111
1685,1674999412000,118
1685,1674999412000,120
1685,1674999412000,120
1685,1674999412000,105
1685,1674999412000,106
1686,1674999470000,124
1686,1674999470000,110
1686,1674999470000,119
1686,1674999470000,132
1687,1674999582000,118
1687,1674999582000,106
1688,1674999740000,113
1689,1675000267000,131
1690,1675000535000,125
1691,1675001612000,110
1692,1675002276000,127
1693,1675002504000,127
1694,1675003192000,102
1695,1675005061000,120
1695,1675005061000,106
1696,1675006015000,101
1696,1675006015000,129
1697,1675008112000,108
1697,1675008112000,119
1698,1675008263000,117
1698,1675008263000,119
1698,1675008263000,120
1699,1675008353000,105
1700,1675008461000,116
1701,1675010457000,111
1702,1675010889000,104
1703,1675014475000,101
1703,1675014475000,119
1704,1675016140000,103
1704,1675016140000,117
1704,1675016140000,121
1704,1675016140000,132
1705,1675017521000,110
1705,1675017521000,129
1706,1675017869000,129
1707,1675017958000,110
1707,1675017958000,113
1708,1675018415000,117
1709,1675018540000,101
1709,1675018540000,118
1709,1675018540000,NULL
1710,1675018700000,102
1710,1675018700000,125
1710,1675018700000,109
1711,1675018769000,125
1712,1675020229000,102
1712,1675020229000,117
1713,1675020728000,127
1714,1675020871000,112
1715,1675021005000,124
1715,1675021005000,109
1715,1675021005000,113
1715,1675021005000,132
1716,1675022712000,112
1716,1675022712000,113
1717,1675023335000,124
1718,1675023351000,102
1718,1675023351000,119
1718,1675023351000,122
1718,1675023351000,130
1719,1675023821000,105
1720,1675024673000,129
1720,1675024673000,114
1721,1675024732000,101
1721,1675024732000,106
1722,1675024906000,104
1723,1675025455000,115
1724,1675026282000,122
1725,1675027673000,109
1725,1675027673000,130
1726,1675032250000,108
1726,1675032250000,112
1727,1675077925000,113
1727,1675077925000,106
1728,1675078232000,129
1728,1675078232000,119
1729,1675078662000,108
1730,1675078754000,109
1730,1675078754000,117
1730,1675078754000,119
1731,1675081049000,120
1732,1675081246000,101
1732,1675081246000,107
1732,1675081246000,119
1733,1675081616000,110
1734,1675082202000,101
1734,1675082202000,107
1734,1675082202000,102
1734,1675082202000,103
1734,1675082202000,104
1734,1675082202000,108
1734,1675082202000,125
1734,1675082202000,117
1734,1675082202000,129
1734,1675082202000,120
1734,1675082202000,122
1734,1675082202000,106
1734,1675082202000,106
1735,1675083578000,102
1736,1675085658000,113
1737,1675086081000,116
1737,1675086081000,103
1737,1675086081000,104
1738,1675086409000,101
1738,1675086409000,109
1738,1675086409000,117
1738,1675086409000,127
1739,1675086596000,101
1739,1675086596000,101
1740,1675088057000,103
1741,1675088374000,120
1742,1675088610000,124
1743,1675088735000,121
1744,1675088811000,101
1744,1675088811000,108
1744,1675088811000,118
1745,1675089796000,115
1745,1675089796000,108
1745,1675089796000,126
1745,1675089796000,123
1746,1675091236000,108
1747,1675091871000,113
1747,1675091871000,NULL
1748,1675092777000,102
1749,1675094576000,130
1749,1675094576000,123
1749,1675094576000,NULL
1750,1675095162000,101
1750,1675095162000,128
1751,1675097398000,102
1751,1675097398000,125
1752,1675097461000,127
1752,1675097461000,122
1753,1675097620000,102
1753,1675097620000,123
1754,1675098692000,101
1754,1675098692000,103
1754,1675098692000,127
1754,1675098692000,105
1755,1675099351000,109
1755,1675099351000,114
1756,1675099817000,128
1757,1675099950000,108
1757,1675099950000,110
1758,1675100305000,105
1758,1675100305000,132
1759,1675100965000,117
1759,1675100965000,129
1759,1675100965000,119
1759,1675100965000,131
1760,1675101646000,126
1761,1675101750000,108
1762,1675102458000,110
1763,1675103068000,125
1764,1675103097000,127
1764,1675103097000,121
1764,1675103097000,130
1765,1675103550000,127
1765,1675103550000,129
1766,1675104613000,129
1767,1675105429000,102
1767,1675105429000,108
1767,1675105429000,124
1767,1675105429000,117
1768,1675106922000,103
1769,1675106931000,109
1769,1675106931000,119
1770,1675107077000,103
1771,1675107977000,108
1771,1675107977000,131
1772,1675108631000,127
1773,1675109200000,107
1773,1675109200000,108
1773,1675109200000,123
1773,1675109200000,106
1774,1675109225000,119
1775,1675109237000,118
1776,1675109356000,125
1776,1675109356000,130
1776,1675109356000,106
1777,1675109478000,120
1778,1675110362000,109
1779,1675110432000,116
1780,1675112087000,118
1781,1675112703000,101
1781,1675112703000,116
1782,1675112729000,101
1782,1675112729000,111
1783,1675112739000,125
1784,1675112765000,108
1784,1675112765000,125
1784,1675112765000,127
1784,1675112765000,122
1785,1675112882000,108
1785,1675112882000,124
1786,1675113625000,102
1786,1675113625000,114
1787,1675113954000,110
1787,1675113954000,113
1787,1675113954000,132
1788,1675114508000,118
1788,1675114508000,123
1789,1675115367000,125
1789,1675115367000,120
1789,1675115367000,123
1790,1675116423000,122
1791,1675118762000,102
1791,1675118762000,125
1791,1675118762000,112
1791,1675118762000,106
1792,1675164663000,129
1792,1675164663000,123
1792,1675164663000,NULL
1793,1675165444000,125
1793,1675165444000,118
1793,1675165444000,132
1794,1675166214000,102
1795,1675171313000,101
1795,1675171313000,101
1795,1675171313000,116
1795,1675171313000,104
1795,1675171313000,108
1795,1675171313000,125
1795,1675171313000,129
1795,1675171313000,120
1795,1675171313000,121
1795,1675171313000,122
1795,1675171313000,122
1796,1675171907000,102
1796,1675171907000,125
1796,1675171907000,110
1796,1675171907000,111
1796,1675171907000,118
1796,1675171907000,121
1797,1675172400000,111
1797,1675172400000,106
1798,1675173810000,104
1799,1675174052000,118
1800,1675174659000,123
1801,1675175872000,102
1801,1675175872000,110
1801,1675175872000,117
1801,1675175872000,120
1801,1675175872000,NULL
1802,1675176920000,115
1802,1675176920000,110
1802,1675176920000,106
1802,1675176920000,132
1803,1675177958000,110
1803,1675177958000,127
1803,1675177958000,132
1804,1675179853000,116
1804,1675179853000,125
1805,1675180902000,109
1805,1675180902000,123
1806,1675180937000,109
1806,1675180937000,111
1806,1675180937000,113
1807,1675181222000,107
1807,1675181222000,126
1807,1675181222000,131
1808,1675181269000,107
1808,1675181269000,132
1809,1675181588000,124
1809,1675181588000,120
1810,1675181779000,108
1811,1675182224000,126
1811,1675182224000,109
1811,1675182224000,118
1812,1675185235000,108
1812,1675185235000,132
1813,1675185663000,124
1813,1675185663000,132
1814,1675185887000,107
1814,1675185887000,103
1814,1675185887000,120
1815,1675186436000,107
1815,1675186436000,109
1815,1675186436000,110
1816,1675187969000,125
1816,1675187969000,109
1816,1675187969000,122
1817,1675188304000,107
1817,1675188304000,118
1817,1675188304000,120
1818,1675188333000,111
1818,1675188333000,120
1819,1675188386000,101
1819,1675188386000,113
1819,1675188386000,132
1820,1675188837000,102
1820,1675188837000,125
1820,1675188837000,111
1821,1675188893000,103
1821,1675188893000,131
1822,1675189073000,116
1822,1675189073000,117
1823,1675189173000,102
1824,1675189238000,107
1824,1675189238000,105
1825,1675189371000,108
1825,1675189371000,124
1825,1675189371000,120
1826,1675189985000,125
1826,1675189985000,119
1826,1675189985000,119
1826,1675189985000,114
1827,1675191382000,117
1827,1675191382000,129
1827,1675191382000,121
1828,1675192345000,113
1828,1675192345000,123
1828,1675192345000,106
1829,1675192550000,102
1829,1675192550000,112
1829,1675192550000,106
1829,1675192550000,114
1830,1675193034000,120
1831,1675195334000,120
1832,1675195702000,111
1833,1675195870000,102
1833,1675195870000,129
1834,1675196766000,117
1834,1675196766000,119
1835,1675196891000,102
1835,1675196891000,109
1835,1675196891000,127
1835,1675196891000,112
1836,1675197978000,132
1837,1675198595000,101
1837,1675198595000,110
1837,1675198595000,128
1837,1675198595000,132
1838,1675198598000,125
1838,1675198598000,110
1838,1675198598000,105
1839,1675198718000,122
1840,1675198860000,107
1840,1675198860000,108
1840,1675198860000,109
1840,1675198860000,117
1841,1675198878000,121
1841,1675198878000,122
1842,1675199237000,111
1842,1675199237000,113
1843,1675200487000,107
1843,1675200487000,113
1844,1675202980000,112
1844,1675202980000,123
1845,1675204987000,127
1845,1675204987000,118
1845,1675204987000,121
1845,1675204987000,132
1846,1675251127000,107
1847,1675251387000,108
1848,1675251646000,108
1848,1675251646000,110
1849,1675251647000,124
1849,1675251647000,125
1849,1675251647000,120
1850,1675251852000,109
1850,1675251852000,129
1851,1675252141000,107
1851,1675252141000,102
1851,1675252141000,108
1851,1675252141000,127
1851,1675252141000,111
1851,1675252141000,113
1851,1675252141000,118
1851,1675252141000,121
1851,1675252141000,122
1851,1675252141000,131
1851,1675252141000,123
1851,1675252141000,106
1852,1675252476000,116
1852,1675252476000,125
1853,1675253579000,117
1853,1675253579000,111
1854,1675254437000,107
1855,1675254489000,104
1855,1675254489000,118
1855,1675254489000,105
1855,1675254489000,131
1856,1675254768000,120
1857,1675254840000,116
1858,1675255430000,122
1859,1675257535000,118
1860,1675257592000,108
1861,1675257683000,130
1862,1675258022000,102
1862,1675258022000,129
1863,1675258785000,115
1864,1675259186000,118
1865,1675260577000,101
1865,1675260577000,103
1865,1675260577000,119
1865,1675260577000,130
1866,1675261136000,115
1866,1675261136000,108
1866,1675261136000,117
1866,1675261136000,121
1866,1675261136000,105
1866,1675261136000,123
1867,1675262150000,122
1868,1675262156000,124
1868,1675262156000,123
1869,1675262258000,127
1869,1675262258000,113
1869,1675262258000,119
1869,1675262258000,119
1870,1675262745000,107
1871,1675263700000,110
1872,1675264048000,117
1872,1675264048000,129
1872,1675264048000,118
1872,1675264048000,106
1873,1675264160000,102
1873,1675264160000,120
1874,1675264775000,120
1875,1675266746000,113
1875,1675266746000,105
1876,1675266981000,101
1876,1675266981000,116
1876,1675266981000,125
1876,1675266981000,130
1877,1675267432000,105
1877,1675267432000,130
1878,1675267642000,108
1878,1675267642000,111
1879,1675268067000,107
1880,1675268140000,110
1880,1675268140000,127
1880,1675268140000,129
1881,1675268176000,111
1881,1675268176000,113
1882,1675268311000,102
1882,1675268311000,124
1883,1675268739000,109
1884,1675269255000,102
1884,1675269255000,126
1884,1675269255000,109
1884,1675269255000,106
1885,1675269297000,108
1885,1675269297000,117
1885,1675269297000,122
1885,1675269297000,130
1886,1675269834000,129
1887,1675270086000,102
1887,1675270086000,108
1887,1675270086000,110
1887,1675270086000,113
1887,1675270086000,105
1888,1675270904000,116
1888,1675270904000,111
1889,1675271006000,101
1889,1675271006000,117
1890,1675271376000,124
1890,1675271376000,112
1891,1675271467000,116
1891,1675271467000,102
1891,1675271467000,122
1891,1675271467000,114
1892,1675271488000,102
1892,1675271488000,109
1892,1675271488000,120
1893,1675271496000,106
1894,1675271637000,108
1894,1675271637000,NULL
1895,1675272290000,116
1895,1675272290000,105
1895,1675272290000,122
1895,1675272290000,106
1896,1675272529000,102
1897,1675272757000,112
1897,1675272757000,105
1897,1675272757000,106
1898,1675272866000,103
1899,1675272939000,103
1899,1675272939000,118
1900,1675273369000,109
1901,1675273671000,101
1901,1675273671000,125
1902,1675273851000,125
1902,1675273851000,110
1903,1675274782000,125
1904,1675275197000,107
1904,1675275197000,108
1904,1675275197000,117
1904,1675275197000,113
1905,1675275274000,101
1905,1675275274000,102
1905,1675275274000,108
1906,1675275427000,124
1907,1675275935000,131
1908,1675276136000,101
1909,1675277156000,117
1910,1675277826000,101
1911,1675278075000,102
1912,1675278092000,112
1912,1675278092000,119
1913,1675278286000,102
1914,1675279443000,113
1915,1675279466000,113
1915,1675279466000,122
1916,1675279679000,101
1916,1675279679000,111
1917,1675280931000,115
1917,1675280931000,129
1917,1675280931000,105
1917,1675280931000,114
1918,1675281054000,102
1919,1675281839000,122
1920,1675281878000,101
1920,1675281878000,119
1921,1675282070000,127
1922,1675282160000,104
1922,1675282160000,126
1922,1675282160000,NULL
1922,1675282160000,132
1923,1675283654000,101
1923,1675283654000,108
1924,1675284002000,101
1924,1675284002000,119
1924,1675284002000,131
1925,1675284236000,117
1925,1675284236000,113
1926,1675285949000,126
1926,1675285949000,113
1927,1675287063000,121
1927,1675287063000,122
1927,1675287063000,106
1928,1675288640000,101
1929,1675289281000,102
1929,1675289281000,108
1929,1675289281000,109
1929,1675289281000,111
1930,1675289462000,116
1931,1675289743000,107
1931,1675289743000,105
1932,1675290575000,102
1932,1675290575000,106
1933,1675336628000,102
1933,1675336628000,127
1933,1675336628000,106
1933,1675336628000,106
1934,1675337085000,102
1935,1675337087000,127
1935,1675337087000,119
1936,1675337690000,109
1936,1675337690000,106
1937,1675338227000,120
1938,1675338378000,113
1939,1675340984000,113
1940,1675341048000,132
1941,1675341201000,113
1942,1675341538000,108
1942,1675341538000,106
1943,1675341635000,124
1943,1675341635000,109
1944,1675342153000,125
1944,1675342153000,122
1945,1675342214000,131
1946,1675342909000,102
1946,1675342909000,102
1946,1675342909000,103
1946,1675342909000,110
1946,1675342909000,128
1946,1675342909000,129
1946,1675342909000,120
1946,1675342909000,121
1947,1675343534000,101
1947,1675343534000,106
1948,1675343608000,117
1948,1675343608000,129
1948,1675343608000,112
1949,1675343646000,101
1950,1675343680000,110
1951,1675345148000,113
1951,1675345148000,122
1952,1675345306000,129
1953,1675345351000,117
1954,1675345990000,112
1955,1675348104000,114
1956,1675348567000,116
1956,1675348567000,104
1956,1675348567000,132
1957,1675349401000,107
1957,1675349401000,103
1957,1675349401000,104
1957,1675349401000,126
1957,1675349401000,117
1957,1675349401000,112
1957,1675349401000,113
1957,1675349401000,118
1957,1675349401000,118
1957,1675349401000,131
1957,1675349401000,131
1957,1675349401000,106
1957,1675349401000,132
1957,1675349401000,132
1958,1675350343000,118
1959,1675350550000,106
1960,1675350916000,113
1961,1675351797000,107
1961,1675351797000,129
1962,1675351935000,102
1963,1675353548000,107
1963,1675353548000,119
1963,1675353548000,122
1964,1675354182000,120
1964,1675354182000,123
1964,1675354182000,132
1965,1675354204000,124
1965,1675354204000,125
1965,1675354204000,109
1965,1675354204000,110
1966,1675354454000,120
1966,1675354454000,121
1966,1675354454000,122
1966,1675354454000,123
1967,1675356103000,109
1967,1675356103000,112
1967,1675356103000,105
1967,1675356103000,131
1968,1675357121000,107
1968,1675357121000,115
1968,1675357121000,108
1969,1675357843000,109
1970,1675359016000,101
1971,1675359076000,110
1971,1675359076000,110
1972,1675359329000,116
1972,1675359329000,129
1972,1675359329000,113
1972,1675359329000,119
1973,1675360131000,125
1974,1675360177000,107
1974,1675360177000,110
1974,1675360177000,130
1975,1675361254000,108
1975,1675361254000,113
1976,1675362311000,124
1976,1675362311000,105
1976,1675362311000,106
1977,1675362457000,103
1978,1675364608000,113
1979,1675364723000,114
1980,1675364835000,110
1981,1675365040000,103
1981,1675365040000,109
1981,1675365040000,122
1981,1675365040000,130
1982,1675366586000,113
1983,1675366748000,121
1984,1675367413000,107
1984,1675367413000,132
1985,1675368005000,119
1985,1675368005000,130
1986,1675368437000,101
1986,1675368437000,111
1986,1675368437000,131
1986,1675368437000,132
1987,1675368594000,116
1987,1675368594000,103
1987,1675368594000,132
1988,1675370761000,102
1988,1675370761000,104
1988,1675370761000,118
1989,1675372517000,101
1989,1675372517000,132
1990,1675372955000,116
1990,1675372955000,109
1990,1675372955000,122
1991,1675374432000,123
1992,1675374512000,103
1993,1675375649000,132
1994,1675375690000,102
1994,1675375690000,109
1994,1675375690000,118
1994,1675375690000,123
1995,1675376373000,101
1995,1675376373000,116
1995,1675376373000,124
1995,1675376373000,123
1996,1675423525000,124
1996,1675423525000,110
1996,1675423525000,120
1997,1675424110000,126
1998,1675424823000,131
1999,1675426071000,107
1999,1675426071000,116
1999,1675426071000,116
1999,1675426071000,110
1999,1675426071000,117
1999,1675426071000,127
1999,1675426071000,111
1999,1675426071000,112
1999,1675426071000,122
1999,1675426071000,106
2000,1675426467000,101
2000,1675426467000,107
2000,1675426467000,116
2000,1675426467000,125
2000,1675426467000,112
2000,1675426467000,113
2000,1675426467000,121
2000,1675426467000,130
2000,1675426467000,106
2000,1675426467000,132
2000,1675426467000,132
2001,1675426845000,116
2001,1675426845000,116
2001,1675426845000,125
2001,1675426845000,110
2002,1675426870000,107
2002,1675426870000,117
2002,1675426870000,131
2003,1675426885000,126
2004,1675427046000,110
2004,1675427046000,118
2004,1675427046000,119
2005,1675427522000,102
2005,1675427522000,103
2005,1675427522000,118
2005,1675427522000,123
2006,1675427728000,103
2006,1675427728000,126
2006,1675427728000,109
2006,1675427728000,106
2007,1675427841000,101
2007,1675427841000,131
2008,1675428432000,111
2009,1675428907000,114
2010,1675429241000,107
2010,1675429241000,113
2010,1675429241000,120
2010,1675429241000,131
2011,1675429288000,103
2011,1675429288000,118
2011,1675429288000,122
2011,1675429288000,132
2012,1675430340000,122
2012,1675430340000,NULL
2013,1675430446000,107
2013,1675430446000,115
2013,1675430446000,108
2014,1675430593000,122
2015,1675430629000,109
2016,1675432020000,101
2016,1675432020000,126
2016,1675432020000,127
2017,1675432316000,101
2017,1675432316000,110
2018,1675433164000,113
2018,1675433164000,118
2018,1675433164000,120
2018,1675433164000,NULL
2019,1675433643000,105
2020,1675433645000,107
2021,1675434313000,102
2021,1675434313000,110
2021,1675434313000,113
2021,1675434313000,118
2022,1675434996000,104
2022,1675434996000,114
2023,1675436728000,125
2024,1675440242000,121
2024,1675440242000,105
2024,1675440242000,131
2025,1675440661000,102
2025,1675440661000,132
2026,1675440708000,129
2027,1675441230000,105
2027,1675441230000,131
2028,1675442296000,125
2029,1675442869000,123
2029,1675442869000,106
2030,1675443044000,124
2030,1675443044000,105
2031,1675443065000,102
2031,1675443065000,113
2031,1675443065000,105
2032,1675444371000,114
2033,1675444395000,101
2033,1675444395000,122
2033,1675444395000,130
2033,1675444395000,132
2034,1675444518000,107
2034,1675444518000,113
2035,1675444576000,108
2036,1675444649000,101
2036,1675444649000,124
2036,1675444649000,110
2037,1675445457000,128
2038,1675445495000,120
2039,1675445767000,112
2040,1675445805000,125
2041,1675446035000,108
2042,1675447303000,101
2042,1675447303000,117
2042,1675447303000,132
2043,1675448593000,114
2044,1675449226000,119
2044,1675449226000,123
2045,1675449971000,118
2046,1675450014000,127
2046,1675450014000,111
2047,1675450028000,113
2047,1675450028000,119
2047,1675450028000,131
2048,1675450106000,122
2049,1675450824000,101
2049,1675450824000,102
2049,1675450824000,132
2050,1675452046000,127
2050,1675452046000,112
2050,1675452046000,121
2050,1675452046000,123
2051,1675453860000,116
2051,1675453860000,102
2051,1675453860000,129
2051,1675453860000,123
2052,1675454071000,115
2052,1675454071000,124
2052,1675454071000,125
2052,1675454071000,120
2053,1675456963000,125
2053,1675456963000,113
2054,1675457205000,125
2054,1675457205000,127
2055,1675457970000,104
2055,1675457970000,110
2056,1675458304000,112
2056,1675458304000,121
2056,1675458304000,132
2057,1675458686000,125
2057,1675458686000,NULL
2058,1675509557000,113
2058,1675509557000,122
2059,1675510894000,117
2059,1675510894000,105
2059,1675510894000,122
2060,1675511109000,110
2060,1675511109000,122
2061,1675511340000,104
2061,1675511340000,123
2062,1675511792000,110
2063,1675513502000,107
2064,1675513599000,101
2064,1675513599000,103
2064,1675513599000,128
2064,1675513599000,129
2065,1675513641000,117
2065,1675513641000,120
2065,1675513641000,132
2066,1675514660000,109
2066,1675514660000,109
2067,1675514820000,122
2068,1675514988000,107
2068,1675514988000,115
2069,1675515512000,113
2069,1675515512000,131
2070,1675515647000,120
2070,1675515647000,132
2071,1675515989000,108
2072,1675516104000,117
2073,1675517751000,101
2073,1675517751000,126
2073,1675517751000,109
2073,1675517751000,109
2073,1675517751000,110
2073,1675517751000,110
2073,1675517751000,117
2073,1675517751000,106
2073,1675517751000,106
2074,1675518068000,124
2074,1675518068000,109
2075,1675519384000,107
2075,1675519384000,115
2075,1675519384000,102
2075,1675519384000,124
2075,1675519384000,125
2075,1675519384000,127
2075,1675519384000,129
2075,1675519384000,111
2075,1675519384000,112
2075,1675519384000,118
2075,1675519384000,122
2075,1675519384000,132
2075,1675519384000,132
2076,1675519904000,101
2076,1675519904000,127
2077,1675521087000,117
2078,1675522169000,101
2078,1675522169000,131
2079,1675522631000,122
2080,1675522728000,102
2080,1675522728000,128
2081,1675523679000,129
2081,1675523679000,112
2081,1675523679000,112
2081,1675523679000,113
2082,1675523780000,112
2083,1675525220000,104
2084,1675526783000,125
2084,1675526783000,117
2085,1675527396000,127
2086,1675528730000,109
2086,1675528730000,111
2087,1675528758000,101
2087,1675528758000,125
2088,1675529337000,123
2089,1675530316000,122
2090,1675531027000,101
2090,1675531027000,110
2090,1675531027000,105
2090,1675531027000,131
2091,1675531063000,124
2091,1675531063000,121
2092,1675531903000,109
2092,1675531903000,129
2093,1675532009000,113
2093,1675532009000,123
2094,1675532145000,109
2094,1675532145000,127
2095,1675532995000,101
2095,1675532995000,102
2095,1675532995000,110
2095,1675532995000,105
2096,1675534276000,112
2097,1675534412000,125
2097,1675534412000,105
2097,1675534412000,NULL
2098,1675534587000,108
2098,1675534587000,124
2099,1675536257000,113
2100,1675536363000,108
2100,1675536363000,117
2101,1675538828000,115
2101,1675538828000,108
2101,1675538828000,117
2102,1675539052000,107
2102,1675539052000,127
2102,1675539052000,129
2103,1675539508000,101
2103,1675539508000,116
2103,1675539508000,102
2103,1675539508000,105
2104,1675541383000,124
2104,1675541383000,129
2104,1675541383000,105
2105,1675542147000,125
2106,1675544094000,131
2106,1675544094000,114
2107,1675544501000,128
2107,1675544501000,118
2108,1675544707000,102
2108,1675544707000,124
2108,1675544707000,131
2108,1675544707000,123
2109,1675545194000,102
2109,1675545194000,113
2110,1675545394000,111
2110,1675545394000,119
2111,1675546124000,101
2111,1675546124000,103
2111,1675546124000,110
2111,1675546124000,113
2112,1675548471000,101
2113,1675548968000,103
2113,1675548968000,129
2114,1675549588000,108
2115,1675595719000,107
2115,1675595719000,109
2115,1675595719000,113
2115,1675595719000,105
2116,1675599112000,129
2117,1675599633000,120
2118,1675599897000,102
2118,1675599897000,105
2118,1675599897000,105
2119,1675600246000,111
2120,1675601232000,114
2121,1675601451000,114
2122,1675601575000,110
2122,1675601575000,110
2123,1675601696000,122
2124,1675601787000,117
2124,1675601787000,129
2124,1675601787000,120
2124,1675601787000,120
2124,1675601787000,121
2125,1675602370000,109
2126,1675603889000,101
2126,1675603889000,101
2126,1675603889000,104
2126,1675603889000,125
2126,1675603889000,126
2126,1675603889000,109
2126,1675603889000,128
2126,1675603889000,111
2126,1675603889000,113
2126,1675603889000,118
2126,1675603889000,119
2126,1675603889000,120
2126,1675603889000,132
2127,1675604536000,108
2128,1675604570000,108
2128,1675604570000,120
2129,1675604918000,125
2129,1675604918000,109
2129,1675604918000,117
2129,1675604918000,131
2130,1675606634000,122
2131,1675606644000,116
2132,1675606684000,115
2132,1675606684000,109
2132,1675606684000,111
2132,1675606684000,114
2133,1675606732000,131
2134,1675607792000,110
2134,1675607792000,113
2134,1675607792000,131
2135,1675607908000,107
2135,1675607908000,125
2135,1675607908000,126
2136,1675608889000,102
2136,1675608889000,108
2136,1675608889000,111
2137,1675609215000,116
2137,1675609215000,102
2137,1675609215000,109
2138,1675609693000,109
2138,1675609693000,132
2139,1675611718000,125
2140,1675616135000,130
2141,1675616413000,112
2142,1675618569000,101
2142,1675618569000,123
2143,1675619092000,108
2143,1675619092000,108
2143,1675619092000,108
2143,1675619092000,113
2144,1675619288000,102
2144,1675619288000,105
2145,1675619832000,111
2145,1675619832000,131
2146,1675620259000,126
2146,1675620259000,117
2147,1675620685000,124
2147,1675620685000,113
2147,1675620685000,113
2147,1675620685000,123
2148,1675620937000,117
2148,1675620937000,119
2149,1675621191000,117
2150,1675621345000,110
2151,1675621348000,101
2151,1675621348000,130
2152,1675622111000,110
2152,1675622111000,118
2153,1675622281000,109
2153,1675622281000,122
2154,1675623327000,101
2154,1675623327000,116
2155,1675623596000,117
2155,1675623596000,106
2156,1675625369000,117
2156,1675625369000,129
2156,1675625369000,121
2157,1675625969000,110
2157,1675625969000,105
2158,1675626587000,117
2158,1675626587000,113
2159,1675626912000,107
2159,1675626912000,102
2159,1675626912000,108
2159,1675626912000,109
2160,1675627310000,113
2161,1675627824000,101
2161,1675627824000,118
2162,1675628106000,108
2162,1675628106000,105
2163,1675628288000,115
2163,1675628288000,123
2164,1675628629000,103
2165,1675628991000,102
2165,1675628991000,105
2166,1675629696000,132
2167,1675630574000,122
2168,1675630748000,119
2169,1675632182000,119
2169,1675632182000,132
2170,1675632863000,124
2171,1675633704000,119
2172,1675633904000,115
2172,1675633904000,125
2172,1675633904000,120
2172,1675633904000,120
2173,1675634202000,107
2174,1675634417000,118
2174,1675634417000,120
2174,1675634417000,121
2174,1675634417000,105
2175,1675682168000,124
2176,1675682333000,116
2177,1675682748000,116
2177,1675682748000,113
2178,1675683145000,109
2179,1675684449000,113
2180,1675684754000,108
2180,1675684754000,130
2181,1675685175000,125
2181,1675685175000,125
2182,1675686150000,107
2182,1675686150000,102
2182,1675686150000,108
2182,1675686150000,125
2182,1675686150000,109
2182,1675686150000,110
2182,1675686150000,117
2182,1675686150000,118
2182,1675686150000,120
2183,1675686317000,101
2183,1675686317000,104
2183,1675686317000,111
2183,1675686317000,105
2184,1675687225000,107
2184,1675687225000,115
2184,1675687225000,108
2185,1675688065000,103
2186,1675688596000,112
2187,1675689013000,116
2187,1675689013000,124
2187,1675689013000,120
2187,1675689013000,105
2187,1675689013000,114
2188,1675689213000,116
2188,1675689213000,108
2188,1675689213000,124
2188,1675689213000,109
2188,1675689213000,109
2188,1675689213000,127
2188,1675689213000,128
2188,1675689213000,112
2188,1675689213000,112
2188,1675689213000,113
2188,1675689213000,121
2188,1675689213000,122
2188,1675689213000,131
2189,1675689299000,103
2189,1675689299000,119
2190,1675689585000,107
2190,1675689585000,111
2191,1675689599000,112
2191,1675689599000,131
2191,1675689599000,106
2192,1675689641000,106
2193,1675689681000,125
2193,1675689681000,109
2193,1675689681000,118
2193,1675689681000,119
2194,1675689731000,102
2194,1675689731000,108
2195,1675690769000,108
2195,1675690769000,118
2195,1675690769000,123
2196,1675691132000,105
2197,1675692078000,109
2197,1675692078000,111
2198,1675692789000,102
2198,1675692789000,108
2198,1675692789000,126
2198,1675692789000,110
2199,1675694166000,120
2200,1675696905000,130
2201,1675697042000,128
2202,1675697474000,111
2202,1675697474000,131
2203,1675699901000,101
2203,1675699901000,129
2203,1675699901000,105
2203,1675699901000,131
2204,1675700926000,130
2205,1675701568000,101
2205,1675701568000,117
2206,1675702769000,107
2206,1675702769000,102
2206,1675702769000,112
2207,1675702857000,106
2208,1675703444000,107
2208,1675703444000,109
2209,1675703497000,105
2209,1675703497000,122
2209,1675703497000,132
2210,1675704247000,108
2211,1675704636000,126
2211,1675704636000,111
2212,1675705968000,113
2213,1675706006000,124
2213,1675706006000,106
2214,1675706251000,120
2214,1675706251000,122
2215,1675706873000,109
2215,1675706873000,122
2216,1675707026000,117
2216,1675707026000,120
2217,1675707704000,101
2217,1675707704000,118
2217,1675707704000,120
2218,1675708140000,130
2218,1675708140000,131
2219,1675708914000,128
2219,1675708914000,132
2220,1675709192000,128
2221,1675709236000,116
2221,1675709236000,105
2221,1675709236000,106
2221,1675709236000,132
2222,1675709515000,101
2222,1675709515000,116
2222,1675709515000,120
2223,1675710150000,NULL
2224,1675710169000,117
2225,1675711406000,120
2226,1675711797000,102
2226,1675711797000,113
2226,1675711797000,122
2227,1675712628000,132
2228,1675713873000,111
2228,1675713873000,130
2229,1675714614000,102
2229,1675714614000,109
2229,1675714614000,112
2230,1675716072000,108
2231,1675716178000,131
2232,1675716602000,101
2232,1675716602000,124
2232,1675716602000,117
2233,1675717621000,109
2234,1675718237000,107
2234,1675718237000,124
2234,1675718237000,117
2234,1675718237000,132
2235,1675718797000,111
2235,1675718797000,118
2236,1675719123000,104
2236,1675719123000,118
2236,1675719123000,130
2237,1675719429000,102
2237,1675719429000,109
2237,1675719429000,122
2238,1675719508000,114
2239,1675721349000,108
2240,1675722137000,115
2240,1675722137000,130
2241,1675770043000,109
2241,1675770043000,131
2241,1675770043000,106
2242,1675771052000,107
2242,1675771052000,102
2242,1675771052000,110
2242,1675771052000,117
2242,1675771052000,129
2243,1675772579000,101
2243,1675772579000,104
2244,1675772676000,132
2245,1675773031000,122
2246,1675774350000,102
2246,1675774350000,108
2247,1675775755000,120
2248,1675776126000,103
2248,1675776126000,105
2249,1675776255000,130
2250,1675776674000,119
2251,1675778280000,106
2251,1675778280000,114
2252,1675780337000,107
2252,1675780337000,132
2253,1675781641000,101
2254,1675782058000,101
2254,1675782058000,115
2254,1675782058000,108
2254,1675782058000,117
2254,1675782058000,117
2254,1675782058000,127
2254,1675782058000,120
2254,1675782058000,106
2254,1675782058000,132
2255,1675782954000,107
2255,1675782954000,108
2255,1675782954000,122
2256,1675783324000,125
2256,1675783324000,113
2256,1675783324000,106
2256,1675783324000,132
2257,1675783735000,107
2257,1675783735000,117
2257,1675783735000,106
2258,1675784045000,NULL
2259,1675784485000,119
2260,1675784608000,101
2260,1675784608000,115
2260,1675784608000,130
2260,1675784608000,131
2261,1675784880000,110
2262,1675787814000,125
2262,1675787814000,119
2263,1675788165000,102
2263,1675788165000,122
2264,1675788363000,110
2264,1675788363000,131
2265,1675789542000,101
2265,1675789542000,126
2265,1675789542000,109
2265,1675789542000,132
2266,1675790438000,131
2267,1675790550000,103
2267,1675790550000,108
2267,1675790550000,121
2268,1675790825000,105
2269,1675791620000,107
2269,1675791620000,117
2270,1675792635000,120
2270,1675792635000,106
2271,1675793396000,105
2272,1675793866000,104
2272,1675793866000,127
2272,1675793866000,118
2272,1675793866000,131
2273,1675794689000,107
2273,1675794689000,116
2273,1675794689000,110
2274,1675794951000,132
2275,1675795369000,108
2275,1675795369000,109
2276,1675795456000,103
2277,1675796029000,116
2277,1675796029000,125
2277,1675796029000,125
2277,1675796029000,121
2278,1675796571000,131
2278,1675796571000,132
2279,1675797229000,125
2280,1675797240000,117
2280,1675797240000,113
2280,1675797240000,119
2280,1675797240000,131
2281,1675797358000,131
2282,1675798401000,114
2283,1675798444000,103
2283,1675798444000,124
2283,1675798444000,126
2283,1675798444000,129
2284,1675798553000,102
2284,1675798553000,108
2284,1675798553000,110
2285,1675798709000,117
2286,1675798965000,110
2287,1675800796000,117
2288,1675801241000,106
2289,1675801783000,102
2289,1675801783000,119
2289,1675801783000,120
2289,1675801783000,131
2290,1675802843000,110
2291,1675803305000,102
2291,1675803305000,102
2291,1675803305000,124
2292,1675803473000,108
2292,1675803473000,113
2292,1675803473000,119
2292,1675803473000,105
2293,1675804492000,101
2293,1675804492000,122
2294,1675804569000,119
2295,1675804913000,119
2296,1675805041000,102
2296,1675805041000,117
2296,1675805041000,105
2296,1675805041000,122
2297,1675805712000,126
2298,1675806033000,104
2298,1675806033000,108
2298,1675806033000,105
2298,1675806033000,106
2299,1675806900000,119
2299,1675806900000,114
2300,1675807147000,125
2301,1675807857000,116
2301,1675807857000,102
2302,1675856775000,124
2302,1675856775000,110
2303,1675858220000,103
2303,1675858220000,114
2304,1675858924000,107
2304,1675858924000,128
2305,1675859260000,107
2306,1675860327000,113
2306,1675860327000,113
2306,1675860327000,119
2307,1675860666000,131
2308,1675861417000,117
2308,1675861417000,119
2308,1675861417000,130
2309,1675861596000,101
2309,1675861596000,102
2309,1675861596000,103
2309,1675861596000,104
2309,1675861596000,125
2309,1675861596000,117
2309,1675861596000,129
2309,1675861596000,122
2309,1675861596000,130
2310,1675863484000,113
2311,1675863532000,131
2312,1675865427000,109
2312,1675865427000,128
2312,1675865427000,105
2313,1675865579000,115
2313,1675865579000,109
2314,1675866311000,107
2314,1675866311000,105
2314,1675866311000,122
2315,1675866832000,124
2315,1675866832000,117
2315,1675866832000,113
2315,1675866832000,119
2316,1675867067000,109
2317,1675867775000,101
2317,1675867775000,112
2317,1675867775000,118
2317,1675867775000,120
2318,1675868400000,122
2319,1675869049000,118
2319,1675869049000,119
2320,1675870061000,108
2321,1675870413000,117
2322,1675871173000,103
2322,1675871173000,110
2322,1675871173000,113
2322,1675871173000,106
2323,1675872438000,101
2324,1675872981000,120
2325,1675873712000,118
2326,1675873720000,124
2326,1675873720000,109
2326,1675873720000,111
2326,1675873720000,106
2327,1675875501000,102
2327,1675875501000,111
2328,1675875767000,102
2329,1675876740000,109
2329,1675876740000,122
2329,1675876740000,123
2330,1675876794000,113
2330,1675876794000,119
2331,1675876808000,127
2331,1675876808000,131
2332,1675878781000,107
2332,1675878781000,103
2332,1675878781000,108
2333,1675879320000,104
2333,1675879320000,110
2333,1675879320000,110
2333,1675879320000,122
2334,1675879564000,124
2334,1675879564000,122
2334,1675879564000,130
2335,1675880427000,108
2335,1675880427000,105
2335,1675880427000,122
2336,1675880671000,112
2337,1675882218000,107
2337,1675882218000,109
2338,1675882314000,106
2339,1675882481000,128
2339,1675882481000,114
2340,1675882796000,127
2340,1675882796000,132
2341,1675883273000,101
2341,1675883273000,117
2341,1675883273000,127
2342,1675883569000,106
2343,1675884014000,122
2343,1675884014000,106
2344,1675887637000,108
2344,1675887637000,109
2344,1675887637000,110
2345,1675887651000,120
2346,1675887939000,101
2346,1675887939000,102
2346,1675887939000,128
2346,1675887939000,119
2347,1675888112000,126
2347,1675888112000,113
2347,1675888112000,105
2348,1675889916000,101
2348,1675889916000,115
2348,1675889916000,121
2349,1675889946000,122
2350,1675891297000,120
2351,1675893134000,109
2351,1675893134000,119
2351,1675893134000,119
2351,1675893134000,123
2352,1675894887000,112
2352,1675894887000,106
2353,1675895021000,106
2354,1675895788000,129
2354,1675895788000,119
2354,1675895788000,123
2354,1675895788000,132
2355,1675941985000,129
2356,1675942270000,114
2357,1675943089000,NULL
2358,1675944821000,102
2358,1675944821000,117
2359,1675944969000,132
2360,1675945187000,102
2360,1675945187000,120
2361,1675945438000,113
2362,1675945805000,125
2362,1675945805000,111
2362,1675945805000,105
2363,1675946150000,108
2363,1675946150000,119
2363,1675946150000,120
2363,1675946150000,106
2364,1675947156000,101
2364,1675947156000,109
2364,1675947156000,117
2364,1675947156000,127
2364,1675947156000,127
2364,1675947156000,127
2364,1675947156000,119
2364,1675947156000,120
2364,1675947156000,132
2365,1675947753000,109
2366,1675948021000,117
2366,1675948021000,106
2366,1675948021000,106
2367,1675948109000,112
2367,1675948109000,131
2368,1675949705000,105
2369,1675951219000,107
2369,1675951219000,102
2369,1675951219000,124
2369,1675951219000,117
2369,1675951219000,113
2369,1675951219000,118
2369,1675951219000,120
2369,1675951219000,105
2369,1675951219000,105
2369,1675951219000,106
2369,1675951219000,114
2369,1675951219000,NULL
2370,1675951223000,127
2370,1675951223000,106
2371,1675951240000,104
2372,1675951474000,107
2372,1675951474000,124
2372,1675951474000,126
2372,1675951474000,122
2373,1675952957000,130
2374,1675953354000,125
2374,1675953354000,126
2374,1675953354000,117
2374,1675953354000,113
2375,1675955682000,101
2375,1675955682000,111
2375,1675955682000,132
2376,1675956359000,101
2376,1675956359000,108
2376,1675956359000,125
2376,1675956359000,110
2377,1675956376000,109
2377,1675956376000,122
2378,1675958730000,111
2378,1675958730000,119
2379,1675959494000,110
2379,1675959494000,129
2380,1675959746000,103
2380,1675959746000,111
2381,1675961380000,102
2381,1675961380000,102
2381,1675961380000,113
2381,1675961380000,120
2382,1675962574000,101
2382,1675962574000,107
2382,1675962574000,122
2382,1675962574000,114
2383,1675962723000,109
2383,1675962723000,105
2384,1675963027000,121
2385,1675963426000,119
2386,1675964177000,109
2386,1675964177000,129
2387,1675964319000,101
2387,1675964319000,104
2387,1675964319000,124
2387,1675964319000,132
2388,1675964795000,108
2389,1675965471000,120
2390,1675965749000,129
2390,1675965749000,105
2391,1675965926000,119
2392,1675965944000,103
2392,1675965944000,104
2393,1675966014000,126
2393,1675966014000,113
2393,1675966014000,132
2394,1675966483000,101
2394,1675966483000,127
2394,1675966483000,123
2395,1675967618000,102
2395,1675967618000,128
2396,1675967647000,122
2396,1675967647000,130
2396,1675967647000,114
2397,1675967719000,102
2397,1675967719000,111
2398,1675968824000,125
2398,1675968824000,112
2398,1675968824000,114
2399,1675969256000,125
2399,1675969256000,109
2399,1675969256000,127
2399,1675969256000,129
2400,1675971028000,126
2401,1675971230000,102
2401,1675971230000,120
2401,1675971230000,131
2401,1675971230000,132
2402,1675971503000,110
2403,1675972464000,109
2403,1675972464000,121
2403,1675972464000,131
2404,1675973384000,109
2404,1675973384000,119
2404,1675973384000,130
2405,1675975093000,118
2406,1675976901000,107
2406,1675976901000,113
2407,1675979519000,128
2408,1675980064000,124
2408,1675980064000,125
2409,1676028496000,101
2409,1676028496000,113
2409,1676028496000,121
2409,1676028496000,114
2410,1676029389000,111
2410,1676029389000,121
2410,1676029389000,105
2411,1676030009000,116
2412,1676030943000,127
2413,1676031019000,101
2414,1676031037000,105
2415,1676032479000,120
2415,1676032479000,122
2416,1676032662000,117
2416,1676032662000,122
2417,1676032716000,124
2417,1676032716000,125
2417,1676032716000,111
2417,1676032716000,119
2418,1676032803000,121
2419,1676032877000,120
2420,1676032997000,131
2421,1676033284000,106
2422,1676033912000,102
2422,1676033912000,124
2422,1676033912000,113
2422,1676033912000,122
2423,1676034246000,109
2423,1676034246000,111
2423,1676034246000,119
2424,1676034263000,115
2424,1676034263000,111
2425,1676035032000,122
2426,1676036245000,108
2426,1676036245000,126
2426,1676036245000,110
2427,1676036570000,106
2428,1676036723000,120
2429,1676036999000,131
2430,1676037292000,129
2430,1676037292000,111
2430,1676037292000,105
2431,1676037988000,102
2431,1676037988000,125
2431,1676037988000,117
2431,1676037988000,127
2431,1676037988000,111
2431,1676037988000,120
2431,1676037988000,120
2431,1676037988000,122
2432,1676038309000,124
2432,1676038309000,110
2432,1676038309000,120
2432,1676038309000,NULL
2433,1676039025000,102
2433,1676039025000,127
2433,1676039025000,123
2434,1676039140000,119
2435,1676039328000,129
2436,1676041122000,118
2436,1676041122000,105
2437,1676041268000,126
2437,1676041268000,120
2438,1676043090000,120
2439,1676047406000,111
2439,1676047406000,121
2440,1676047435000,108
2440,1676047435000,127
2440,1676047435000,113
2441,1676047763000,122
2442,1676047778000,101
2442,1676047778000,115
2442,1676047778000,112
2443,1676048045000,102
2444,1676048577000,125
2444,1676048577000,113
2445,1676049046000,107
2445,1676049046000,124
2445,1676049046000,129
2446,1676049546000,104
2447,1676049630000,125
2447,1676049630000,130
2447,1676049630000,123
2447,1676049630000,106
2448,1676049971000,112
2449,1676051504000,132
2450,1676051750000,110
2450,1676051750000,122
2451,1676051933000,113
2451,1676051933000,105
2452,1676052541000,108
2452,1676052541000,128
2452,1676052541000,132
2453,1676055061000,126
2454,1676055637000,117
2454,1676055637000,106
2455,1676056048000,129
2455,1676056048000,118
2455,1676056048000,131
2455,1676056048000,114
2456,1676056740000,126
2456,1676056740000,110
2456,1676056740000,112
2456,1676056740000,113
2457,1676059294000,111
2458,1676059757000,125
2458,1676059757000,113
2458,1676059757000,105
2458,1676059757000,132
2459,1676059950000,104
2459,1676059950000,121
2460,1676059993000,111
2461,1676060063000,108
2462,1676060290000,101
2462,1676060290000,101
2463,1676060420000,110
2463,1676060420000,120
2464,1676060424000,127
2465,1676061217000,115
2465,1676061217000,120
2466,1676063519000,117
2467,1676064904000,132
2468,1676115852000,130
2469,1676115898000,110
2470,1676115965000,125
2470,1676115965000,113
2471,1676116087000,107
2471,1676116087000,102
2471,1676116087000,102
2471,1676116087000,108
2471,1676116087000,125
2471,1676116087000,125
2471,1676116087000,109
2471,1676116087000,105
2472,1676116400000,108
2473,1676116854000,123
2474,1676116974000,103
2475,1676117317000,118
2476,1676117487000,125
2476,1676117487000,109
2477,1676118006000,103
2477,1676118006000,106
2478,1676118459000,113
2478,1676118459000,105
2479,1676118927000,101
2479,1676118927000,108
2479,1676118927000,108
2479,1676118927000,114
2479,1676118927000,132
2480,1676119347000,113
2481,1676120076000,108
2481,1676120076000,123
2482,1676120129000,119
2483,1676120215000,113
2484,1676121260000,129
2485,1676121728000,124
2485,1676121728000,117
2485,1676121728000,129
2485,1676121728000,113
2486,1676122245000,102
2486,1676122245000,103
2486,1676122245000,122
2486,1676122245000,131
2487,1676122458000,NULL
2488,1676123000000,101
2488,1676123000000,117
2488,1676123000000,118
2488,1676123000000,106
2489,1676123576000,108
2490,1676123916000,104
2491,1676124000000,124
2491,1676124000000,109
2491,1676124000000,112
2491,1676124000000,121
2491,1676124000000,105
2491,1676124000000,106
2492,1676125232000,101
2493,1676126454000,107
2493,1676126454000,104
2494,1676126481000,102
2495,1676127055000,109
2496,1676127750000,125
2496,1676127750000,125
2496,1676127750000,127
2497,1676128366000,116
2497,1676128366000,125
2497,1676128366000,129
2497,1676128366000,113
2498,1676129001000,108
2499,1676133270000,122
2500,1676134813000,124
2501,1676134841000,105
2502,1676135281000,108
2502,1676135281000,124
2502,1676135281000,127
2503,1676135304000,120
2503,1676135304000,132
2504,1676135545000,113
2504,1676135545000,119
2505,1676136122000,117
2505,1676136122000,128
2506,1676137486000,104
2506,1676137486000,108
2506,1676137486000,125
2506,1676137486000,113
2507,1676137622000,104
2507,1676137622000,126
2507,1676137622000,109
2507,1676137622000,120
2508,1676137650000,126
2508,1676137650000,109
2509,1676137796000,117
2510,1676137980000,116
2511,1676138412000,109
2511,1676138412000,129
2511,1676138412000,113
2512,1676138574000,107
2512,1676138574000,109
2512,1676138574000,129
2512,1676138574000,120
2513,1676139685000,120
2514,1676139946000,109
2514,1676139946000,105
2515,1676141172000,103
2515,1676141172000,112
2515,1676141172000,120
2515,1676141172000,132
2516,1676141433000,102
2516,1676141433000,126
2517,1676141795000,130
2518,1676142139000,116
2518,1676142139000,118
2518,1676142139000,131
2518,1676142139000,123
2519,1676142248000,113
2519,1676142248000,122
2520,1676142367000,127
2521,1676142718000,113
2521,1676142718000,120
2522,1676143546000,125
2522,1676143546000,111
2522,1676143546000,121
2522,1676143546000,106
2523,1676143816000,125
2523,1676143816000,128
2523,1676143816000,106
2523,1676143816000,132
2524,1676143907000,124
2524,1676143907000,125
2524,1676143907000,112
2524,1676143907000,106
2525,1676143974000,126
2526,1676144190000,107
2526,1676144190000,125
2527,1676145226000,101
2527,1676145226000,127
2527,1676145226000,130
2528,1676145280000,102
2528,1676145280000,113
2529,1676145971000,125
2529,1676145971000,109
2529,1676145971000,113
2529,1676145971000,132
2530,1676146286000,112
2530,1676146286000,120
2530,1676146286000,114
2531,1676146923000,112
2531,1676146923000,120
2532,1676147595000,109
2533,1676151293000,101
2534,1676151865000,124
2535,1676151946000,117
2535,1676151946000,119
2536,1676152334000,125
2537,1676200626000,102
2538,1676201854000,124
2538,1676201854000,110
2538,1676201854000,119
2539,1676201915000,127
2539,1676201915000,105
2540,1676202530000,109
2540,1676202530000,121
2541,1676202884000,129
2541,1676202884000,119
2542,1676203028000,122
2543,1676203200000,103
2544,1676203407000,101
2544,1676203407000,117
2544,1676203407000,113
2545,1676203937000,131
2546,1676205662000,107
2547,1676205949000,101
2547,1676205949000,101
2547,1676205949000,115
2547,1676205949000,108
2547,1676205949000,124
2547,1676205949000,125
2547,1676205949000,109
2547,1676205949000,127
2547,1676205949000,128
2547,1676205949000,129
2547,1676205949000,113
2547,1676205949000,130
2548,1676206083000,101
2548,1676206083000,101
2548,1676206083000,115
2548,1676206083000,110
2548,1676206083000,127
2548,1676206083000,112
2549,1676207219000,121
2550,1676207934000,120
2551,1676208501000,116
2551,1676208501000,109
2552,1676209623000,101
2553,1676209627000,114
2554,1676210020000,125
2555,1676210400000,101
2555,1676210400000,115
2556,1676210438000,117
2556,1676210438000,106
2557,1676210987000,124
2557,1676210987000,120
2557,1676210987000,114
2557,1676210987000,114
2558,1676211614000,125
2558,1676211614000,109
2559,1676211743000,122
2560,1676212036000,115
2561,1676212135000,103
2562,1676212222000,110
2562,1676212222000,129
2562,1676212222000,113
2562,1676212222000,105
2563,1676213018000,116
2563,1676213018000,111
2563,1676213018000,114
2564,1676213599000,106
2565,1676214289000,103
2565,1676214289000,108
2565,1676214289000,109
2566,1676215511000,124
2566,1676215511000,106
2567,1676216317000,102
2568,1676217213000,101
2568,1676217213000,132
2569,1676217239000,102
2569,1676217239000,127
2569,1676217239000,119
2569,1676217239000,114
2570,1676217289000,109
2571,1676217527000,107
2571,1676217527000,124
2571,1676217527000,132
2572,1676217847000,108
2573,1676218239000,108
2573,1676218239000,124
2574,1676218952000,130
2574,1676218952000,106
2575,1676219457000,108
2576,1676221109000,107
2576,1676221109000,113
2577,1676222475000,112
2577,1676222475000,120
2578,1676223369000,115
2578,1676223369000,110
2578,1676223369000,120
2578,1676223369000,121
2579,1676223512000,104
2579,1676223512000,108
2579,1676223512000,125
2580,1676223720000,129
2580,1676223720000,118
2581,1676224615000,107
2581,1676224615000,109
2582,1676224795000,122
2583,1676225651000,113
2584,1676226321000,109
2584,1676226321000,119
2585,1676226476000,111
2585,1676226476000,113
2586,1676228646000,101
2586,1676228646000,131
2587,1676228996000,108
2587,1676228996000,125
2587,1676228996000,120
2588,1676232073000,101
2588,1676232073000,102
2588,1676232073000,120
2588,1676232073000,122
2589,1676232873000,128
2590,1676233521000,126
2590,1676233521000,126
2591,1676234349000,117
2591,1676234349000,130
2592,1676238201000,107
2593,1676239325000,117
2593,1676239325000,113
2593,1676239325000,120
2593,1676239325000,132
2594,1676242483000,108
2594,1676242483000,114
2595,1676287530000,NULL
2596,1676287666000,103
2596,1676287666000,129
2596,1676287666000,119
2596,1676287666000,122
2597,1676287871000,104
2598,1676288271000,111
2599,1676289129000,121
2599,1676289129000,132
2600,1676289191000,104
2601,1676289807000,107
2601,1676289807000,116
2601,1676289807000,119
2602,1676290201000,102
2602,1676290201000,103
2602,1676290201000,103
2602,1676290201000,125
2602,1676290201000,117
2602,1676290201000,113
2602,1676290201000,119
2602,1676290201000,120
2603,1676290963000,101
2604,1676291616000,101
2604,1676291616000,127
2604,1676291616000,113
2605,1676292375000,120
2606,1676292960000,101
2606,1676292960000,102
2607,1676293212000,111
2608,1676293879000,122
2609,1676293962000,101
2609,1676293962000,107
2609,1676293962000,109
2609,1676293962000,127
2610,1676294270000,113
2611,1676294558000,124
2612,1676295791000,101
2612,1676295791000,107
2612,1676295791000,116
2612,1676295791000,102
2612,1676295791000,126
2612,1676295791000,110
2612,1676295791000,111
2612,1676295791000,120
2612,1676295791000,122
2612,1676295791000,123
2612,1676295791000,123
2612,1676295791000,106
2613,1676296006000,107
2613,1676296006000,110
2614,1676296346000,NULL
2615,1676296495000,129
2615,1676296495000,119
2616,1676296780000,108
2616,1676296780000,130
2616,1676296780000,132
2617,1676299122000,101
2618,1676299611000,126
2618,1676299611000,117
2619,1676300026000,131
2620,1676300424000,110
2621,1676302443000,110
2622,1676304387000,104
2622,1676304387000,124
2622,1676304387000,131
2623,1676304516000,111
2624,1676305278000,108
2624,1676305278000,121
2625,1676305432000,109
2625,1676305432000,111
2625,1676305432000,122
2625,1676305432000,131
2626,1676306997000,102
2626,1676306997000,122
2626,1676306997000,106
2626,1676306997000,NULL
2627,1676307009000,113
2627,1676307009000,105
2628,1676307422000,107
2628,1676307422000,126
2628,1676307422000,113
2628,1676307422000,NULL
2629,1676308030000,120
2630,1676308517000,118
2630,1676308517000,121
2630,1676308517000,106
2631,1676308766000,107
2631,1676308766000,126
2631,1676308766000,113
2631,1676308766000,118
2632,1676309088000,108
2632,1676309088000,117
2633,1676309866000,113
2633,1676309866000,113
2633,1676309866000,120
2633,1676309866000,122
2634,1676311287000,125
2634,1676311287000,113
2635,1676311795000,113
2636,1676311811000,112
2637,1676312255000,101
2638,1676312847000,103
2638,1676312847000,119
2638,1676312847000,106
2639,1676313535000,105
2639,1676313535000,106
2640,1676316083000,101
2641,1676317942000,107
2641,1676317942000,125
2641,1676317942000,110
2641,1676317942000,106
2642,1676318573000,109
2643,1676318914000,109
2643,1676318914000,106
2644,1676319747000,108
2644,1676319747000,109
2644,1676319747000,105
2645,1676319978000,102
2645,1676319978000,123
2646,1676320163000,107
2647,1676321114000,115
2647,1676321114000,110
2647,1676321114000,118
2647,1676321114000,122
2648,1676321290000,101
2648,1676321290000,107
2648,1676321290000,102
2649,1676321570000,109
2649,1676321570000,123
2649,1676321570000,106
2650,1676321707000,102
2650,1676321707000,104
2650,1676321707000,113
2650,1676321707000,122
2651,1676321994000,102
2652,1676322056000,109
2653,1676322203000,115
2653,1676322203000,125
2654,1676322306000,127
2654,1676322306000,112
2655,1676324076000,112
2655,1676324076000,120
2655,1676324076000,114
2655,1676324076000,132
2656,1676324162000,107
2657,1676324782000,117
2657,1676324782000,129
2658,1676325590000,112
2659,1676325643000,102
2659,1676325643000,125
2660,1676325758000,102
2661,1676326167000,102
2661,1676326167000,129
2662,1676326952000,117
2662,1676326952000,121
2663,1676327092000,111
2663,1676327092000,105
2664,1676327882000,116
2664,1676327882000,119
2665,1676328086000,101
2666,1676375315000,118
2666,1676375315000,122
2667,1676376623000,129
2668,1676377378000,111
2668,1676377378000,114
2669,1676378569000,105
2670,1676380431000,125
2670,1676380431000,119
2670,1676380431000,122
2670,1676380431000,132
2671,1676380664000,129
2672,1676383530000,107
2672,1676383530000,126
2673,1676383623000,105
2674,1676384101000,132
2675,1676385709000,101
2675,1676385709000,102
2675,1676385709000,108
2675,1676385709000,124
2675,1676385709000,117
2675,1676385709000,117
2675,1676385709000,129
2675,1676385709000,112
2675,1676385709000,120
2675,1676385709000,105
2675,1676385709000,123
2675,1676385709000,114
2675,1676385709000,132
2675,1676385709000,132
2676,1676387854000,110
2677,1676388462000,115
2677,1676388462000,102
2677,1676388462000,117
2677,1676388462000,106
2678,1676389673000,101
2679,1676390495000,106
2680,1676391021000,102
2681,1676392759000,106
2682,1676392826000,120
2683,1676393795000,116
2683,1676393795000,113
2684,1676394138000,103
2685,1676394958000,112
2685,1676394958000,131
2686,1676395386000,110
2687,1676395880000,112
2688,1676396608000,101
2689,1676396939000,105
2689,1676396939000,132
2690,1676396966000,101
2690,1676396966000,112
2691,1676397135000,125
2692,1676397307000,107
2692,1676397307000,126
2692,1676397307000,109
2692,1676397307000,110
2693,1676397681000,116
2693,1676397681000,110
2693,1676397681000,129
2693,1676397681000,121
2694,1676398204000,116
2695,1676398516000,101
2695,1676398516000,102
2696,1676399578000,109
2696,1676399578000,120
2696,1676399578000,NULL
2697,1676400198000,109
2697,1676400198000,129
2697,1676400198000,121
2697,1676400198000,122
2698,1676400200000,104
2698,1676400200000,130
2699,1676400257000,125
2699,1676400257000,129
2699,1676400257000,120
2699,1676400257000,106
2700,1676400454000,108
2700,1676400454000,124
2700,1676400454000,126
2700,1676400454000,128
2701,1676400817000,117
2702,1676400869000,116
2702,1676400869000,108
2702,1676400869000,105
2703,1676401869000,122
2704,1676401881000,105
2705,1676403271000,107
2705,1676403271000,124
2705,1676403271000,129
2705,1676403271000,105
2706,1676403344000,127
2707,1676403346000,108
2707,1676403346000,117
2707,1676403346000,112
2707,1676403346000,106
2708,1676403604000,102
2708,1676403604000,125
2708,1676403604000,109
2708,1676403604000,119
2709,1676403898000,125
2709,1676403898000,126
2709,1676403898000,117
2709,1676403898000,129
2710,1676404800000,103
2710,1676404800000,126
2710,1676404800000,105
2710,1676404800000,NULL
2711,1676404833000,125
2711,1676404833000,113
2711,1676404833000,118
2711,1676404833000,123
2712,1676407925000,117
2712,1676407925000,114
2713,1676408901000,116
2713,1676408901000,127
2714,1676409751000,117
2715,1676410311000,121
2715,1676410311000,122
2715,1676410311000,NULL
2715,1676410311000,132
2716,1676410426000,101
2716,1676410426000,101
2716,1676410426000,110
2717,1676411889000,126
2717,1676411889000,129
2717,1676411889000,NULL
2718,1676412999000,101
2718,1676412999000,116
2718,1676412999000,129
2718,1676412999000,130
2719,1676413366000,102
2719,1676413366000,123
2720,1676413794000,101
2721,1676413797000,124
2722,1676415157000,101
2722,1676415157000,109
2722,1676415157000,113
2723,1676460924000,113
2724,1676461739000,102
2724,1676461739000,108
2724,1676461739000,132
2725,1676461920000,101
2725,1676461920000,116
2725,1676461920000,103
2725,1676461920000,109
2725,1676461920000,117
2725,1676461920000,111
2725,1676461920000,118
2725,1676461920000,119
2725,1676461920000,120
2725,1676461920000,105
2725,1676461920000,122
2725,1676461920000,130
2725,1676461920000,114
2726,1676462095000,107
2727,1676462193000,110
2727,1676462193000,119
2728,1676463122000,116
2728,1676463122000,103
2729,1676467770000,106
2730,1676469182000,106
2731,1676469271000,120
2732,1676470614000,107
2732,1676470614000,125
2732,1676470614000,117
2732,1676470614000,117
2733,1676472034000,104
2733,1676472034000,125
2734,1676472661000,106
2735,1676472811000,116
2735,1676472811000,108
2735,1676472811000,110
2735,1676472811000,127
2736,1676473896000,101
2736,1676473896000,128
2736,1676473896000,105
2737,1676474345000,107
2737,1676474345000,131
2738,1676476677000,102
2739,1676478556000,105
2740,1676478761000,103
2740,1676478761000,120
2741,1676479142000,113
2741,1676479142000,113
2742,1676479916000,130
2742,1676479916000,106
2743,1676480076000,108
2744,1676480506000,127
2744,1676480506000,131
2745,1676480851000,113
2746,1676481049000,102
2746,1676481049000,119
2746,1676481049000,119
2747,1676481387000,129
2747,1676481387000,105
2748,1676481672000,104
2749,1676481697000,107
2749,1676481697000,104
2750,1676481964000,109
2750,1676481964000,109
2750,1676481964000,127
2750,1676481964000,105
2751,1676482096000,111
2752,1676482160000,124
2752,1676482160000,112
2752,1676482160000,113
2752,1676482160000,118
2753,1676482475000,125
2753,1676482475000,117
2753,1676482475000,132
2754,1676482961000,115
2754,1676482961000,108
2754,1676482961000,129
2755,1676483357000,102
2755,1676483357000,111
2755,1676483357000,105
2756,1676483418000,101
2756,1676483418000,102
2757,1676483500000,107
2758,1676483927000,104
2758,1676483927000,106
2759,1676484276000,102
2759,1676484276000,113
2759,1676484276000,106
2760,1676487004000,132
2761,1676487006000,124
2761,1676487006000,105
2761,1676487006000,131
2761,1676487006000,106
2762,1676487283000,131
2763,1676487506000,108
2763,1676487506000,120
2764,1676488567000,107
2765,1676489339000,124
2765,1676489339000,122
2766,1676489407000,125
2766,1676489407000,118
2766,1676489407000,120
2767,1676490333000,120
2767,1676490333000,105
2767,1676490333000,132
2768,1676491162000,112
2769,1676492062000,110
2769,1676492062000,128
2770,1676493698000,120
2770,1676493698000,120
2770,1676493698000,105
2771,1676494486000,119
2772,1676494941000,101
2772,1676494941000,117
2772,1676494941000,111
2772,1676494941000,113
2773,1676494955000,126
2773,1676494955000,126
2773,1676494955000,128
2773,1676494955000,131
2774,1676494964000,101
2774,1676494964000,108
2774,1676494964000,124
2774,1676494964000,132
2775,1676497447000,108
2776,1676497458000,103
2776,1676497458000,NULL
2776,1676497458000,132
2777,1676498196000,127
2778,1676546437000,126
2779,1676547356000,108
2779,1676547356000,125
2780,1676547628000,128
2781,1676548024000,107
2781,1676548024000,109
2781,1676548024000,117
2781,1676548024000,112
2781,1676548024000,113
2781,1676548024000,113
2781,1676548024000,106
2781,1676548024000,106
2781,1676548024000,106
2781,1676548024000,132
2782,1676548737000,105
2783,1676548934000,105
2783,1676548934000,130
2784,1676549781000,112
2784,1676549781000,119
2784,1676549781000,132
2785,1676549838000,119
2786,1676549899000,103
2786,1676549899000,104
2786,1676549899000,124
2786,1676549899000,125
2786,1676549899000,109
2786,1676549899000,117
2786,1676549899000,129
2786,1676549899000,111
2786,1676549899000,123
2787,1676550203000,112
2787,1676550203000,113
2788,1676551177000,102
2788,1676551177000,108
2788,1676551177000,117
2789,1676551250000,108
2789,1676551250000,110
2789,1676551250000,120
2790,1676551607000,102
2791,1676552004000,109
2792,1676552167000,132
2793,1676553168000,103
2793,1676553168000,125
2793,1676553168000,119
2794,1676553199000,116
2794,1676553199000,124
2794,1676553199000,110
2794,1676553199000,111
2794,1676553199000,NULL
2795,1676555069000,109
2796,1676557025000,127
2797,1676557186000,132
2798,1676558347000,103
2798,1676558347000,110
2798,1676558347000,105
2798,1676558347000,122
2799,1676558840000,109
2800,1676562370000,103
2800,1676562370000,121
2801,1676563086000,113
2801,1676563086000,105
2802,1676563291000,101
2802,1676563291000,109
2803,1676564614000,112
2803,1676564614000,121
2804,1676565833000,131
2804,1676565833000,106
2805,1676566634000,125
2805,1676566634000,109
2805,1676566634000,111
2806,1676567557000,113
2807,1676567582000,109
2807,1676567582000,106
2808,1676568434000,128
2808,1676568434000,111
2808,1676568434000,120
2809,1676569645000,102
2810,1676570040000,124
2810,1676570040000,111
2811,1676570609000,128
2811,1676570609000,111
2811,1676570609000,119
2811,1676570609000,120
2812,1676571180000,119
2812,1676571180000,105
2812,1676571180000,131
2813,1676571302000,117
2813,1676571302000,128
2813,1676571302000,114
2813,1676571302000,NULL
2814,1676571666000,106
2815,1676571677000,107
2815,1676571677000,108
2815,1676571677000,106
2816,1676571697000,101
2816,1676571697000,107
2817,1676572625000,126
2817,1676572625000,122
2818,1676572809000,107
2818,1676572809000,118
2818,1676572809000,120
2819,1676575611000,109
2819,1676575611000,106
2820,1676576117000,111
2821,1676576128000,117
2822,1676576228000,113
2823,1676577229000,104
2823,1676577229000,131
2824,1676577328000,103
2824,1676577328000,124
2824,1676577328000,111
2824,1676577328000,121
2825,1676580383000,109
2825,1676580383000,110
2825,1676580383000,128
2825,1676580383000,106
2826,1676587227000,109
2826,1676587227000,106
2827,1676633042000,113
2827,1676633042000,121
2828,1676633173000,129
2829,1676634077000,102
2829,1676634077000,104
2829,1676634077000,122
2830,1676634714000,101
2831,1676635262000,108
2831,1676635262000,110
2831,1676635262000,105
2831,1676635262000,106
2832,1676635510000,102
2833,1676637235000,107
2834,1676637787000,101
2835,1676638430000,108
2836,1676638708000,108
2837,1676638725000,120
2838,1676638848000,110
2839,1676639648000,105
2840,1676640087000,109
2841,1676640344000,103
2841,1676640344000,120
2841,1676640344000,132
2842,1676640680000,118
2843,1676640993000,101
2843,1676640993000,119
2843,1676640993000,122
2843,1676640993000,130
2844,1676641294000,108
2844,1676641294000,118
2845,1676641662000,111
2846,1676642324000,108
2846,1676642324000,108
2846,1676642324000,117
2847,1676642442000,109
2847,1676642442000,127
2847,1676642442000,120
2847,1676642442000,131
2847,1676642442000,132
2848,1676642540000,119
2848,1676642540000,105
2849,1676642844000,119
2849,1676642844000,105
2849,1676642844000,105
2849,1676642844000,106
2850,1676643417000,118
2851,1676643806000,107
2851,1676643806000,103
2851,1676643806000,109
2851,1676643806000,113
2851,1676643806000,119
2851,1676643806000,120
2851,1676643806000,131
2851,1676643806000,106
2851,1676643806000,132
2852,1676644243000,125
2852,1676644243000,113
2853,1676645375000,121
2854,1676647477000,126
2854,1676647477000,111
2854,1676647477000,130
2854,1676647477000,132
2855,1676647565000,110
2855,1676647565000,110
2855,1676647565000,123
2855,1676647565000,106
2856,1676649648000,104
2856,1676649648000,123
2857,1676652196000,118
2858,1676652773000,103
2858,1676652773000,130
2859,1676652981000,116
2859,1676652981000,121
2859,1676652981000,NULL
2860,1676653337000,104
2861,1676654815000,107
2862,1676654833000,106
2863,1676654933000,129
2864,1676655042000,108
2864,1676655042000,105
2865,1676655189000,126
2866,1676655371000,109
2866,1676655371000,109
2867,1676655398000,101
2867,1676655398000,101
2868,1676655740000,130
2869,1676656547000,117
2870,1676657381000,109
2870,1676657381000,110
2871,1676659166000,116
2871,1676659166000,113
2871,1676659166000,114
2872,1676659222000,105
2873,1676659596000,117
2874,1676660612000,109
2874,1676660612000,113
2875,1676662006000,120
2875,1676662006000,132
2876,1676663205000,124
2876,1676663205000,117
2876,1676663205000,120
2876,1676663205000,NULL
2877,1676663826000,126
2877,1676663826000,109
2878,1676664176000,125
2878,1676664176000,113
2878,1676664176000,118
2879,1676664249000,102
2879,1676664249000,104
2879,1676664249000,108
2879,1676664249000,106
2880,1676666481000,111
2881,1676667584000,104
2881,1676667584000,118
2881,1676667584000,122
2882,1676669431000,102
2882,1676669431000,129
2882,1676669431000,112
2883,1676670666000,101
2883,1676670666000,108
2883,1676670666000,117
2884,1676671586000,108
2884,1676671586000,109
2885,1676672414000,101
2885,1676672414000,110
2886,1676672430000,117
2887,1676672741000,101
2887,1676672741000,102
2888,1676719138000,125
2889,1676719340000,103
2889,1676719340000,105
2889,1676719340000,105
2889,1676719340000,131
2889,1676719340000,106
2890,1676719931000,110
2891,1676720381000,127
2892,1676720480000,109
2892,1676720480000,117
2892,1676720480000,129
2892,1676720480000,119
2893,1676721310000,102
2893,1676721310000,129
2894,1676721962000,108
2895,1676722019000,101
2895,1676722019000,102
2895,1676722019000,102
2895,1676722019000,125
2895,1676722019000,125
2895,1676722019000,109
2895,1676722019000,117
2895,1676722019000,128
2895,1676722019000,118
2895,1676722019000,106
2895,1676722019000,114
2895,1676722019000,132
2896,1676722801000,108
2897,1676723117000,126
2897,1676723117000,109
2897,1676723117000,121
2898,1676723180000,119
2899,1676723523000,106
2900,1676724930000,115
2901,1676725248000,119
2902,1676725465000,111
2902,1676725465000,113
2902,1676725465000,122
2902,1676725465000,123
2902,1676725465000,106
2902,1676725465000,132
2903,1676725812000,121
2904,1676726444000,109
2905,1676727179000,102
2905,1676727179000,113
2905,1676727179000,119
2905,1676727179000,131
2906,1676727289000,119
2906,1676727289000,131
2907,1676728274000,124
2907,1676728274000,129
2907,1676728274000,112
2907,1676728274000,132
2908,1676729838000,108
2909,1676730074000,125
2909,1676730074000,106
2910,1676730742000,107
2910,1676730742000,109
2910,1676730742000,129
2910,1676730742000,113
2911,1676732050000,115
2912,1676734742000,102
2912,1676734742000,110
2912,1676734742000,117
2912,1676734742000,111
2913,1676735071000,117
2914,1676735815000,107
2914,1676735815000,105
2915,1676738042000,107
2915,1676738042000,112
2916,1676739000000,109
2916,1676739000000,113
2916,1676739000000,118
2917,1676739435000,126
2917,1676739435000,129
2918,1676739551000,102
2918,1676739551000,102
2919,1676740058000,128
2919,1676740058000,105
2919,1676740058000,131
2919,1676740058000,106
2920,1676740084000,126
2920,1676740084000,109
2921,1676740438000,101
2921,1676740438000,115
2921,1676740438000,124
2921,1676740438000,106
2922,1676740624000,130
2922,1676740624000,106
2923,1676742557000,132
2924,1676743230000,104
2924,1676743230000,119
2924,1676743230000,105
2924,1676743230000,NULL
2925,1676743400000,116
2925,1676743400000,119
2925,1676743400000,NULL
2926,1676743586000,105
2926,1676743586000,132
2927,1676743779000,102
2927,1676743779000,106
2928,1676744530000,104
2929,1676744548000,121
2930,1676745541000,104
2930,1676745541000,108
2930,1676745541000,119
2930,1676745541000,120
2931,1676745785000,108
2931,1676745785000,129
2931,1676745785000,119
2932,1676746208000,126
2932,1676746208000,121
2932,1676746208000,122
2932,1676746208000,122
2933,1676746239000,101
2933,1676746239000,109
2933,1676746239000,118
2933,1676746239000,120
2934,1676746800000,102
2934,1676746800000,109
2934,1676746800000,118
2935,1676747022000,107
2935,1676747022000,120
2936,1676747717000,125
2936,1676747717000,123
2936,1676747717000,123
2936,1676747717000,106
2937,1676750236000,101
2938,1676750846000,104
2938,1676750846000,110
2938,1676750846000,117
2939,1676750891000,101
2939,1676750891000,122
2940,1676751630000,124
2941,1676752068000,108
2941,1676752068000,112
2941,1676752068000,120
2941,1676752068000,120
2942,1676752466000,108
2942,1676752466000,109
2942,1676752466000,113
2942,1676752466000,105
2943,1676752860000,102
2943,1676752860000,125
2943,1676752860000,113
2943,1676752860000,114
2944,1676755045000,108
2944,1676755045000,128
2944,1676755045000,112
2945,1676755826000,109
2945,1676755826000,112
2945,1676755826000,119
2946,1676756457000,122
2947,1676758502000,111
2947,1676758502000,112
2947,1676758502000,131
2948,1676760030000,112
2948,1676760030000,112
2948,1676760030000,120
2948,1676760030000,121
2949,1676805343000,112
2950,1676806551000,107
2950,1676806551000,125
2950,1676806551000,129
2951,1676806750000,124
2951,1676806750000,117
2951,1676806750000,132
2952,1676808216000,116
2952,1676808216000,105
2953,1676809232000,108
2953,1676809232000,118
2954,1676809309000,108
2955,1676809518000,124
2956,1676810018000,125
2956,1676810018000,117
2956,1676810018000,118
2956,1676810018000,131
2957,1676810431000,124
2957,1676810431000,117
2958,1676811366000,109
2958,1676811366000,129
2958,1676811366000,113
2958,1676811366000,119
2959,1676811684000,109
2960,1676812143000,120
2960,1676812143000,122
2960,1676812143000,130
2961,1676812434000,101
2961,1676812434000,107
2961,1676812434000,109
2961,1676812434000,117
2961,1676812434000,127
2961,1676812434000,127
2961,1676812434000,118
2961,1676812434000,105
2961,1676812434000,130
2961,1676812434000,131
2961,1676812434000,132
2962,1676812682000,130
2963,1676812976000,102
2963,1676812976000,109
2963,1676812976000,113
2963,1676812976000,118
2964,1676813267000,102
2964,1676813267000,130
2965,1676813713000,111
2966,1676813831000,125
2967,1676814280000,115
2967,1676814280000,128
2967,1676814280000,129
2967,1676814280000,105
2967,1676814280000,123
2968,1676815597000,107
2968,1676815597000,116
2969,1676815809000,101
2970,1676816352000,104
2971,1676817176000,101
2972,1676818793000,127
2973,1676819057000,108
2974,1676819276000,106
2975,1676820171000,107
2975,1676820171000,121
2976,1676820550000,109
2976,1676820550000,113
2976,1676820550000,106
2977,1676820806000,113
2978,1676821548000,118
2978,1676821548000,122
2979,1676824983000,117
2979,1676824983000,113
2980,1676825324000,108
2980,1676825324000,129
2980,1676825324000,132
2981,1676827307000,101
2982,1676827463000,102
2983,1676827591000,128
2984,1676828172000,109
2984,1676828172000,129
2985,1676828215000,122
2985,1676828215000,132
2986,1676828372000,126
2986,1676828372000,117
2987,1676828479000,102
2987,1676828479000,126
2987,1676828479000,112
2987,1676828479000,120
2988,1676828545000,107
2988,1676828545000,131
2989,1676830300000,101
2989,1676830300000,126
2989,1676830300000,129
2990,1676830399000,130
2991,1676830891000,104
2992,1676831934000,102
2993,1676832546000,109
2993,1676832546000,127
2994,1676833088000,101
2994,1676833088000,114
2995,1676833145000,132
2996,1676833553000,131
2997,1676835504000,108
2997,1676835504000,124
2998,1676836340000,107
2998,1676836340000,104
2998,1676836340000,121
2998,1676836340000,105
2999,1676836635000,116
2999,1676836635000,116
2999,1676836635000,111
3000,1676836643000,102
3000,1676836643000,119
3001,1676838879000,101
3001,1676838879000,122
3001,1676838879000,106
3001,1676838879000,114
3002,1676842054000,125
3002,1676842054000,117
3002,1676842054000,112
3002,1676842054000,105
3003,1676842332000,104
3003,1676842332000,118
3004,1676843780000,120
3005,1676894016000,129
3006,1676894492000,116
3006,1676894492000,104
3006,1676894492000,126
3006,1676894492000,113
3007,1676894797000,127
3008,1676894994000,102
3009,1676895685000,107
3009,1676895685000,117
3009,1676895685000,122
3010,1676895976000,115
3010,1676895976000,102
3010,1676895976000,109
3011,1676896165000,122
3012,1676896323000,104
3012,1676896323000,111
3012,1676896323000,113
3012,1676896323000,122
3013,1676897123000,105
3014,1676897909000,107
3014,1676897909000,109
3014,1676897909000,119
3014,1676897909000,105
3015,1676897945000,101
3016,1676898422000,126
3016,1676898422000,113
3017,1676898581000,124
3018,1676898760000,116
3018,1676898760000,104
3018,1676898760000,125
3018,1676898760000,128
3018,1676898760000,111
3018,1676898760000,131
3018,1676898760000,114
3019,1676898928000,101
3020,1676899031000,123
3021,1676899428000,106
3022,1676899452000,116
3022,1676899452000,102
3022,1676899452000,103
3022,1676899452000,132
3023,1676899787000,118
3023,1676899787000,120
3024,1676900159000,101
3025,1676900272000,107
3026,1676900294000,102
3026,1676900294000,117
3026,1676900294000,130
3026,1676900294000,NULL
3027,1676900480000,108
3027,1676900480000,129
3027,1676900480000,123
3027,1676900480000,106
3028,1676900938000,129
3029,1676901324000,102
3029,1676901324000,113
3029,1676901324000,119
3029,1676901324000,130
3030,1676901556000,102
3030,1676901556000,108
3030,1676901556000,111
3030,1676901556000,119
3031,1676901974000,101
3031,1676901974000,104
3031,1676901974000,105
3032,1676902099000,117
3032,1676902099000,119
3032,1676902099000,119
3032,1676902099000,120
3033,1676904869000,110
3034,1676904908000,124
3034,1676904908000,106
3034,1676904908000,114
3035,1676905665000,107
3035,1676905665000,128
3036,1676906087000,116
3036,1676906087000,104
3037,1676906175000,101
3037,1676906175000,109
3038,1676908003000,104
3038,1676908003000,113
3039,1676908131000,108
3039,1676908131000,129
3040,1676909398000,112
3040,1676909398000,114
3041,1676910339000,101
3041,1676910339000,104
3041,1676910339000,113
3041,1676910339000,122
3042,1676910609000,117
3042,1676910609000,129
3042,1676910609000,111
3042,1676910609000,106
3043,1676911585000,102
3043,1676911585000,109
3044,1676913025000,102
3045,1676914066000,102
3045,1676914066000,113
3046,1676914534000,132
3047,1676914929000,101
3047,1676914929000,116
3047,1676914929000,122
3047,1676914929000,132
3048,1676915115000,113
3048,1676915115000,121
3048,1676915115000,114
3049,1676915360000,118
3050,1676915662000,102
3050,1676915662000,117
3050,1676915662000,119
3051,1676915829000,113
3051,1676915829000,120
3052,1676915841000,132
3053,1676915881000,115
3053,1676915881000,124
3053,1676915881000,128
3053,1676915881000,132
3054,1676916287000,104
3054,1676916287000,126
3055,1676918535000,129
3055,1676918535000,111
3055,1676918535000,131
3056,1676919708000,123
3057,1676920624000,127
3058,1676920757000,125
3058,1676920757000,109
3058,1676920757000,121
3059,1676921194000,107
3059,1676921194000,102
3060,1676921818000,102
3060,1676921818000,113
3061,1676922132000,102
3061,1676922132000,131
3062,1676922677000,130
3063,1676923423000,125
3063,1676923423000,128
3063,1676923423000,132
3064,1676923605000,119
3065,1676923933000,102
3065,1676923933000,118
3065,1676923933000,123
3066,1676923963000,103
3066,1676923963000,112
3067,1676924545000,102
3067,1676924545000,128
3067,1676924545000,105
3067,1676924545000,123
3068,1676925909000,108
3069,1676926059000,110
3069,1676926059000,113
3070,1676926936000,113
3071,1676927674000,108
3071,1676927674000,109
3071,1676927674000,113
3071,1676927674000,118
3072,1676928526000,108
3072,1676928526000,108
3072,1676928526000,130
3072,1676928526000,106
3073,1676929006000,125
3074,1676929159000,101
3074,1676929159000,102
3075,1676931067000,116
3075,1676931067000,117
3075,1676931067000,128
3076,1676931140000,125
3076,1676931140000,110
3076,1676931140000,117
3077,1676931435000,106
3078,1676979809000,128
3079,1676981067000,107
3080,1676982198000,107
3080,1676982198000,111
3080,1676982198000,113
3080,1676982198000,105
3081,1676982915000,111
3082,1676983050000,101
3082,1676983050000,101
3082,1676983050000,116
3082,1676983050000,109
3082,1676983050000,127
3082,1676983050000,111
3082,1676983050000,105
3082,1676983050000,122
3082,1676983050000,106
3083,1676983423000,124
3083,1676983423000,125
3083,1676983423000,125
3084,1676983447000,102
3084,1676983447000,127
3085,1676983776000,112
3086,1676984241000,128
3087,1676984353000,108
3087,1676984353000,126
3088,1676985612000,121
3088,1676985612000,114
3089,1676986971000,107
3089,1676986971000,106
3089,1676986971000,114
3090,1676988209000,108
3090,1676988209000,124
3090,1676988209000,109
3090,1676988209000,111
3091,1676988299000,130
3091,1676988299000,106
3092,1676990515000,126
3092,1676990515000,127
3092,1676990515000,105
3093,1676992059000,109
3094,1676992202000,107
3095,1676992294000,101
3095,1676992294000,115
3095,1676992294000,104
3095,1676992294000,125
3095,1676992294000,120
3095,1676992294000,106
3095,1676992294000,106
3096,1676992351000,125
3096,1676992351000,128
3097,1676993130000,101
3097,1676993130000,115
3097,1676993130000,119
3098,1676993160000,127
3098,1676993160000,122
3099,1676993844000,127
3100,1676994080000,114
3101,1676995943000,107
3101,1676995943000,116
3101,1676995943000,125
3101,1676995943000,122
3102,1676997130000,107
3102,1676997130000,108
3102,1676997130000,130
3103,1676997439000,101
3104,1676997925000,106
3105,1676997997000,107
3105,1676997997000,125
3105,1676997997000,127
3106,1676999764000,117
3107,1677000380000,120
3107,1677000380000,105
3108,1677000537000,101
3108,1677000537000,112
3108,1677000537000,122
3108,1677000537000,106
3109,1677000627000,102
3109,1677000627000,125
3109,1677000627000,132
3110,1677002091000,108
3111,1677003102000,116
3111,1677003102000,106
3112,1677003152000,115
3112,1677003152000,125
3112,1677003152000,127
3112,1677003152000,132
3113,1677003202000,116
3113,1677003202000,108
3114,1677003229000,102
3115,1677003334000,132
3116,1677004108000,124
3116,1677004108000,110
3117,1677005273000,113
3118,1677006470000,116
3118,1677006470000,118
3119,1677007019000,126
3120,1677007262000,101
3120,1677007262000,113
3121,1677007520000,110
3122,1677007754000,108
3122,1677007754000,126
3123,1677008767000,126
3123,1677008767000,105
3124,1677009560000,125
3124,1677009560000,113
3124,1677009560000,131
3125,1677010357000,124
3125,1677010357000,109
3125,1677010357000,132
3126,1677011712000,102
3127,1677012010000,103
3127,1677012010000,110
3127,1677012010000,132
3128,1677015943000,109
3129,1677016256000,111
3130,1677016776000,111
3130,1677016776000,112
3131,1677017642000,105
3132,1677020111000,101
3132,1677020111000,102
3132,1677020111000,125
3133,1677020724000,128
3133,1677020724000,111
3133,1677020724000,121
3134,1677066025000,107
3134,1677066025000,108
3135,1677067254000,101
3136,1677069559000,102
3136,1677069559000,109
3136,1677069559000,113
3136,1677069559000,118
3136,1677069559000,120
3136,1677069559000,122
3136,1677069559000,131
3136,1677069559000,106
3137,1677069649000,112
3138,1677070948000,101
3138,1677070948000,102
3138,1677070948000,103
3138,1677070948000,104
3138,1677070948000,108
3138,1677070948000,112
3138,1677070948000,113
3138,1677070948000,105
3139,1677071467000,110
3140,1677073206000,119
3141,1677075323000,NULL
3142,1677075437000,102
3142,1677075437000,110
3142,1677075437000,130
3142,1677075437000,131
3143,1677079019000,107
3143,1677079019000,119
3144,1677079564000,124
3144,1677079564000,127
3144,1677079564000,112
3144,1677079564000,105
3145,1677080467000,101
3145,1677080467000,108
3145,1677080467000,109
3145,1677080467000,113
3146,1677081309000,125
3146,1677081309000,118
3146,1677081309000,122
3147,1677081599000,108
3147,1677081599000,120
3147,1677081599000,121
3147,1677081599000,123
3148,1677081830000,120
3149,1677082992000,120
3149,1677082992000,122
3149,1677082992000,123
3150,1677083003000,124
3151,1677083674000,126
3151,1677083674000,131
3151,1677083674000,132
3152,1677084147000,110
3152,1677084147000,129
3152,1677084147000,112
3152,1677084147000,NULL
3153,1677085252000,112
3153,1677085252000,132
3154,1677087861000,114
3155,1677090517000,106
3156,1677092273000,102
3156,1677092273000,106
3157,1677094463000,102
3157,1677094463000,108
3158,1677094502000,109
3159,1677094724000,118
3159,1677094724000,132
3160,1677095489000,116
3160,1677095489000,102
3161,1677095604000,124
3161,1677095604000,112
3161,1677095604000,120
3161,1677095604000,120
3162,1677098455000,124
3162,1677098455000,112
3162,1677098455000,105
3163,1677098638000,107
3164,1677098866000,130
3165,1677099765000,106
3165,1677099765000,114
3166,1677100340000,102
3167,1677100416000,103
3167,1677100416000,120
3167,1677100416000,122
3167,1677100416000,130
3168,1677101818000,107
3169,1677102642000,101
3169,1677102642000,107
3169,1677102642000,109
3169,1677102642000,131
3170,1677104030000,108
3170,1677104030000,130
3170,1677104030000,106
3171,1677151111000,121
3172,1677153150000,101
3172,1677153150000,108
3173,1677153281000,102
3173,1677153281000,111
3173,1677153281000,112
3174,1677154158000,104
3175,1677154243000,109
3175,1677154243000,117
3175,1677154243000,121
3176,1677154902000,102
3176,1677154902000,128
3177,1677155023000,104
3177,1677155023000,113
3178,1677155416000,122
3179,1677156112000,101
3179,1677156112000,127
3179,1677156112000,127
3179,1677156112000,105
3180,1677156292000,119
3181,1677156703000,102
3181,1677156703000,132
3182,1677157049000,127
3183,1677157474000,117
3184,1677158100000,126
3185,1677158527000,117
3185,1677158527000,111
3185,1677158527000,132
3186,1677158574000,102
3186,1677158574000,111
3186,1677158574000,112
3187,1677158838000,101
3187,1677158838000,102
3187,1677158838000,108
3187,1677158838000,124
3187,1677158838000,110
3187,1677158838000,113
3187,1677158838000,113
3187,1677158838000,120
3187,1677158838000,105
3187,1677158838000,122
3187,1677158838000,122
3187,1677158838000,131
3188,1677159296000,121
3189,1677160744000,102
3189,1677160744000,103
3189,1677160744000,109
3189,1677160744000,110
3189,1677160744000,113
3189,1677160744000,105
3189,1677160744000,106
3189,1677160744000,NULL
3190,1677162256000,124
3190,1677162256000,132
3191,1677165061000,117
3191,1677165061000,132
3192,1677165567000,112
3193,1677167365000,123
3194,1677169174000,125
3195,1677169451000,103
3195,1677169451000,112
3195,1677169451000,114
3196,1677169680000,111
3196,1677169680000,122
3197,1677170162000,108
3198,1677170405000,126
3198,1677170405000,132
3199,1677172438000,115
3199,1677172438000,106
3200,1677172599000,109
3200,1677172599000,123
3201,1677172893000,104
3201,1677172893000,110
3201,1677172893000,123
3201,1677172893000,132
3202,1677172970000,104
3202,1677172970000,110
3202,1677172970000,131
3202,1677172970000,NULL
3203,1677172992000,106
3203,1677172992000,132
3204,1677173365000,111
3204,1677173365000,119
3205,1677173493000,102
3205,1677173493000,111
3205,1677173493000,106
3206,1677173514000,107
3206,1677173514000,113
3206,1677173514000,130
3206,1677173514000,123
3207,1677173681000,108
3207,1677173681000,109
3208,1677174111000,108
3209,1677174179000,107
3210,1677175529000,108
3210,1677175529000,110
3210,1677175529000,129
3210,1677175529000,131
3211,1677176546000,116
3211,1677176546000,108
3212,1677177218000,101
3212,1677177218000,129
3213,1677177474000,102
3214,1677177562000,119
3215,1677178106000,113
3216,1677178290000,125
3216,1677178290000,117
3216,1677178290000,127
3216,1677178290000,129
3217,1677182176000,102
3217,1677182176000,103
3217,1677182176000,125
3217,1677182176000,119
3218,1677182242000,108
3219,1677183714000,116
3219,1677183714000,119
3220,1677184417000,109
3221,1677186587000,108
3222,1677187167000,109
3222,1677187167000,118
3222,1677187167000,123
3223,1677189927000,116
3223,1677189927000,126
3223,1677189927000,132
3224,1677190941000,107
3225,1677239057000,108
3226,1677239782000,108
3226,1677239782000,129
3226,1677239782000,113
3226,1677239782000,118
3226,1677239782000,121
3227,1677239864000,103
3227,1677239864000,122
3228,1677240522000,109
3228,1677240522000,111
3229,1677240691000,124
3229,1677240691000,120
3230,1677240798000,121
3230,1677240798000,106
3231,1677240910000,125
3231,1677240910000,130
3232,1677241483000,124
3232,1677241483000,125
3232,1677241483000,126
3232,1677241483000,122
3233,1677241772000,106
3234,1677242077000,101
3234,1677242077000,101
3234,1677242077000,115
3234,1677242077000,102
3234,1677242077000,102
3234,1677242077000,124
3234,1677242077000,109
3234,1677242077000,113
3234,1677242077000,121
3234,1677242077000,105
3235,1677242987000,118
3236,1677243051000,101
3236,1677243051000,115
3236,1677243051000,105
3236,1677243051000,123
3237,1677243086000,102
3238,1677243175000,122
3239,1677244313000,118
3240,1677245050000,107
3240,1677245050000,127
3240,1677245050000,122
3241,1677245196000,107
3242,1677245199000,116
3242,1677245199000,120
3242,1677245199000,123
3243,1677245351000,118
3243,1677245351000,123
3244,1677246052000,116
3244,1677246052000,117
3245,1677247717000,132
3246,1677249096000,116
3246,1677249096000,124
3246,1677249096000,117
3247,1677249793000,117
3248,1677250806000,112
3249,1677251935000,108
3249,1677251935000,109
3249,1677251935000,118
3250,1677254969000,101
3250,1677254969000,109
3250,1677254969000,119
3250,1677254969000,106
3251,1677255568000,117
3252,1677256112000,118
3253,1677256391000,112
3254,1677256748000,109
3254,1677256748000,129
3254,1677256748000,111
3255,1677256881000,105
3255,1677256881000,105
3255,1677256881000,132
3256,1677259867000,104
3256,1677259867000,108
3256,1677259867000,113
3256,1677259867000,113
3257,1677260300000,111
3257,1677260300000,105
3258,1677260449000,125
3258,1677260449000,109
3258,1677260449000,130
3259,1677260457000,116
3260,1677260479000,105
3260,1677260479000,132
3261,1677261057000,101
3261,1677261057000,124
3261,1677261057000,113
3261,1677261057000,119
3262,1677261909000,102
3262,1677261909000,112
3262,1677261909000,130
3263,1677262263000,101
3264,1677262779000,108
3264,1677262779000,131
3265,1677263952000,116
3265,1677263952000,110
3265,1677263952000,113
3266,1677264058000,115
3266,1677264058000,126
3267,1677264137000,126
3267,1677264137000,113
3268,1677266595000,118
3268,1677266595000,122
3269,1677266761000,109
3269,1677266761000,120
3269,1677266761000,106
3270,1677267097000,129
3271,1677267628000,117
3272,1677267791000,125
3272,1677267791000,110
3273,1677270010000,124
3273,1677270010000,110
3274,1677270201000,113
3274,1677270201000,106
3275,1677271250000,NULL
3276,1677271615000,109
3276,1677271615000,114
3277,1677271780000,124
3278,1677272622000,102
3278,1677272622000,109
3278,1677272622000,111
3278,1677272622000,120
3279,1677274505000,101
3279,1677274505000,106
3280,1677275311000,102
3280,1677275311000,124
3280,1677275311000,113
3280,1677275311000,119
3281,1677275448000,124
3281,1677275448000,113
3281,1677275448000,123
3282,1677279478000,123
3283,1677322443000,125
3283,1677322443000,111
3284,1677325072000,109
3285,1677325662000,101
3286,1677325816000,107
3286,1677325816000,104
3286,1677325816000,106
3286,1677325816000,132
3287,1677326421000,101
3287,1677326421000,125
3288,1677326455000,102
3288,1677326455000,104
3288,1677326455000,110
3289,1677327747000,102
3289,1677327747000,125
3289,1677327747000,113
3289,1677327747000,118
3289,1677327747000,132
3290,1677328356000,127
3290,1677328356000,121
3290,1677328356000,106
3291,1677328480000,107
3292,1677328758000,107
3292,1677328758000,116
3292,1677328758000,124
3292,1677328758000,125
3292,1677328758000,112
3292,1677328758000,113
3292,1677328758000,113
3292,1677328758000,119
3292,1677328758000,120
3292,1677328758000,105
3292,1677328758000,130
3292,1677328758000,123
3292,1677328758000,NULL
3293,1677328902000,103
3294,1677329003000,112
3294,1677329003000,132
3295,1677329049000,110
3296,1677329111000,101
3296,1677329111000,107
3296,1677329111000,108
3297,1677329830000,117
3297,1677329830000,NULL
3298,1677330111000,104
3299,1677330539000,125
3299,1677330539000,131
3300,1677330646000,109
3301,1677331081000,131
3302,1677331482000,104
3302,1677331482000,108
3303,1677331763000,121
3304,1677332169000,107
3304,1677332169000,103
3304,1677332169000,108
3304,1677332169000,109
3304,1677332169000,129
3304,1677332169000,105
3304,1677332169000,131
3305,1677335087000,127
3306,1677335147000,122
3307,1677336221000,112
3307,1677336221000,121
3307,1677336221000,121
3308,1677337638000,117
3308,1677337638000,120
3309,1677337895000,108
3309,1677337895000,118
3310,1677339540000,101
3310,1677339540000,127
3310,1677339540000,131
3311,1677339867000,124
3311,1677339867000,120
3311,1677339867000,106
3311,1677339867000,132
3312,1677340169000,110
3312,1677340169000,111
3313,1677340320000,129
3314,1677340496000,107
3314,1677340496000,125
3314,1677340496000,112
3315,1677342491000,120
3315,1677342491000,131
3316,1677343122000,132
3317,1677343889000,124
3317,1677343889000,118
3318,1677344286000,126
3318,1677344286000,106
3319,1677344727000,116
3320,1677344954000,126
3320,1677344954000,123
3321,1677345728000,125
3321,1677345728000,105
3321,1677345728000,130
3321,1677345728000,131
3322,1677345913000,107
3322,1677345913000,125
3322,1677345913000,120
3322,1677345913000,122
3323,1677347110000,108
3323,1677347110000,112
3324,1677347970000,118
3325,1677348051000,126
3325,1677348051000,110
3326,1677348941000,124
3326,1677348941000,122
3327,1677349186000,125
3328,1677350665000,127
3328,1677350665000,105
3329,1677350983000,111
3329,1677350983000,105
3329,1677350983000,132
3330,1677351480000,103
3330,1677351480000,125
3330,1677351480000,113
3330,1677351480000,121
3331,1677353502000,121
3332,1677354078000,120
3333,1677354244000,101
3334,1677354887000,125
3334,1677354887000,111
3335,1677355418000,102
3335,1677355418000,120
3336,1677356017000,131
3337,1677356101000,103
3337,1677356101000,108
3337,1677356101000,106
3337,1677356101000,106
3338,1677356165000,107
3339,1677356863000,104
3339,1677356863000,119
3340,1677357677000,129
3340,1677357677000,114
3341,1677357962000,107
3342,1677359285000,117
3342,1677359285000,120
3342,1677359285000,120
3343,1677359768000,105
3344,1677360395000,102
3344,1677360395000,111
3345,1677361191000,111
3346,1677412869000,107
3346,1677412869000,123
3347,1677412991000,129
3348,1677413332000,111
3348,1677413332000,120
3349,1677413566000,107
3349,1677413566000,112
3349,1677413566000,118
3350,1677413787000,112
3350,1677413787000,113
3350,1677413787000,120
3351,1677413928000,125
3351,1677413928000,120
3352,1677414154000,NULL
3353,1677415142000,110
3353,1677415142000,131
3353,1677415142000,106
3354,1677416280000,109
3354,1677416280000,129
3355,1677416666000,101
3355,1677416666000,109
3355,1677416666000,117
3355,1677416666000,129
3355,1677416666000,129
3355,1677416666000,112
3355,1677416666000,113
3355,1677416666000,121
3355,1677416666000,121
3356,1677416790000,106
3357,1677416833000,108
3357,1677416833000,123
3357,1677416833000,106
3358,1677417215000,106
3359,1677417904000,127
3360,1677419064000,107
3360,1677419064000,102
3360,1677419064000,117
3361,1677419411000,127
3361,1677419411000,130
3362,1677419414000,109
3363,1677419543000,101
3363,1677419543000,102
3363,1677419543000,102
3363,1677419543000,124
3363,1677419543000,127
3363,1677419543000,128
3363,1677419543000,111
3363,1677419543000,112
3363,1677419543000,113
3363,1677419543000,119
3363,1677419543000,123
3363,1677419543000,106
3364,1677419778000,104
3364,1677419778000,104
3364,1677419778000,120
3364,1677419778000,131
3365,1677420526000,125
3366,1677421128000,111
3366,1677421128000,105
3366,1677421128000,132
3367,1677421711000,113
3368,1677422936000,118
3369,1677424928000,124
3369,1677424928000,109
3369,1677424928000,118
3370,1677425959000,104
3370,1677425959000,113
3370,1677425959000,131
3371,1677427082000,110
3371,1677427082000,129
3371,1677427082000,113
3371,1677427082000,106
3372,1677427118000,116
3372,1677427118000,109
3372,1677427118000,110
3372,1677427118000,113
3373,1677427288000,118
3373,1677427288000,122
3374,1677428125000,110
3374,1677428125000,123
3375,1677428418000,114
3376,1677428840000,104
3377,1677429136000,108
3378,1677430406000,118
3379,1677430517000,127
3379,1677430517000,118
3380,1677431811000,128
3380,1677431811000,121
3381,1677432125000,108
3381,1677432125000,132
3382,1677432283000,103
3382,1677432283000,111
3382,1677432283000,120
3383,1677432674000,107
3384,1677433039000,109
3384,1677433039000,128
3384,1677433039000,131
3384,1677433039000,106
3385,1677433502000,109
3385,1677433502000,119
3386,1677433820000,102
3386,1677433820000,131
3387,1677433895000,108
3387,1677433895000,120
3387,1677433895000,121
3388,1677434036000,109
3388,1677434036000,131
3389,1677435557000,127
3390,1677435977000,127
3390,1677435977000,112
3390,1677435977000,NULL
3391,1677436623000,102
3391,1677436623000,113
3391,1677436623000,118
3391,1677436623000,120
3392,1677437340000,101
3392,1677437340000,125
3392,1677437340000,129
3393,1677437620000,105
3394,1677438193000,109
3394,1677438193000,119
3394,1677438193000,132
3395,1677438526000,107
3395,1677438526000,124
3396,1677438792000,110
3397,1677439504000,109
3397,1677439504000,119
3398,1677440991000,102
3398,1677440991000,103
3398,1677440991000,113
3398,1677440991000,106
3399,1677442963000,109
3399,1677442963000,128
3399,1677442963000,113
3399,1677442963000,114
3400,1677450125000,104
3401,1677498508000,107
3401,1677498508000,118
3401,1677498508000,105
3402,1677498662000,116
3402,1677498662000,108
3402,1677498662000,111
3403,1677499045000,101
3403,1677499045000,125
3403,1677499045000,118
3403,1677499045000,118
3404,1677499232000,122
3404,1677499232000,123
3405,1677499657000,118
3406,1677499772000,102
3406,1677499772000,126
3407,1677499781000,119
3408,1677500929000,102
3409,1677500979000,103
3409,1677500979000,117
3410,1677501230000,112
3410,1677501230000,114
3411,1677501534000,130
3412,1677501641000,101
3412,1677501641000,124
3412,1677501641000,109
3412,1677501641000,113
3412,1677501641000,118
3413,1677502457000,104
3413,1677502457000,108
3413,1677502457000,125
3413,1677502457000,118
3414,1677502607000,112
3415,1677502931000,117
3415,1677502931000,128
3415,1677502931000,111
3415,1677502931000,130
3416,1677502963000,127
3417,1677503116000,102
3417,1677503116000,125
3417,1677503116000,127
3417,1677503116000,120
3417,1677503116000,105
3418,1677503259000,125
3418,1677503259000,109
3418,1677503259000,119
3419,1677504973000,102
3419,1677504973000,103
3419,1677504973000,113
3419,1677504973000,120
3420,1677505043000,125
3421,1677506268000,120
3421,1677506268000,105
3422,1677506629000,113
3423,1677506943000,107
3423,1677506943000,110
3423,1677506943000,127
3423,1677506943000,112
3423,1677506943000,120
3423,1677506943000,121
3423,1677506943000,130
3423,1677506943000,123
3424,1677507297000,109
3424,1677507297000,117
3424,1677507297000,106
3424,1677507297000,132
3425,1677507966000,110
3426,1677511641000,128
3426,1677511641000,122
3427,1677513253000,102
3427,1677513253000,113
3428,1677514111000,124
3428,1677514111000,106
3429,1677514417000,130
3429,1677514417000,123
3430,1677515127000,128
3430,1677515127000,113
3430,1677515127000,132
3431,1677515265000,102
3431,1677515265000,112
3431,1677515265000,113
3432,1677515716000,126
3432,1677515716000,113
3432,1677515716000,122
3433,1677515855000,125
3433,1677515855000,132
3434,1677516333000,108
3434,1677516333000,113
3435,1677516904000,122
3436,1677517796000,111
3436,1677517796000,105
3436,1677517796000,131
3436,1677517796000,131
3437,1677518148000,112
3437,1677518148000,105
3438,1677518309000,128
3439,1677518347000,127
3440,1677519516000,103
3440,1677519516000,117
3440,1677519516000,119
3440,1677519516000,120
3441,1677519526000,108
3442,1677520117000,118
3442,1677520117000,105
3443,1677520249000,107
3443,1677520249000,113
3443,1677520249000,120
3444,1677520623000,101
3444,1677520623000,102
3444,1677520623000,121
3445,1677521338000,107
3445,1677521338000,128
3445,1677521338000,114
3446,1677521377000,123
3446,1677521377000,132
3447,1677521662000,109
3447,1677521662000,113
3447,1677521662000,122
3447,1677521662000,106
3448,1677522633000,107
3448,1677522633000,128
3448,1677522633000,119
3448,1677522633000,106
3449,1677523392000,111
3449,1677523392000,113
3449,1677523392000,118
3450,1677523528000,101
3450,1677523528000,102
3450,1677523528000,120
3451,1677523577000,108
3451,1677523577000,113
3452,1677523641000,108
3452,1677523641000,110
3452,1677523641000,106
3453,1677523681000,106
3454,1677524275000,107
3454,1677524275000,116
3454,1677524275000,125
3454,1677524275000,122
3455,1677524801000,101
3455,1677524801000,126
3455,1677524801000,113
3456,1677524967000,101
3456,1677524967000,105
3457,1677524992000,126
3457,1677524992000,118
3458,1677525061000,126
3458,1677525061000,118
3459,1677525104000,102
3459,1677525104000,110
3460,1677525247000,101
3460,1677525247000,102
3460,1677525247000,112
3461,1677527061000,110
3461,1677527061000,111
3462,1677527723000,116
3462,1677527723000,114
3463,1677528660000,126
3463,1677528660000,122
3464,1677528936000,102
3464,1677528936000,125
3464,1677528936000,123
3465,1677529415000,109
3466,1677530142000,118
3467,1677532922000,128
3467,1677532922000,123
3467,1677532922000,132
3468,1677533882000,106
3469,1677533993000,119
3470,1677534804000,125
3470,1677534804000,130
3471,1677535383000,122
3472,1677584094000,123
3473,1677584983000,101
3473,1677584983000,116
3473,1677584983000,102
3473,1677584983000,104
3473,1677584983000,125
3473,1677584983000,126
3473,1677584983000,109
3473,1677584983000,117
3473,1677584983000,112
3473,1677584983000,118
3473,1677584983000,105
3473,1677584983000,122
3473,1677584983000,122
3473,1677584983000,132
3474,1677585001000,107
3474,1677585001000,130
3475,1677585752000,105
3476,1677586135000,125
3476,1677586135000,126
3476,1677586135000,111
3476,1677586135000,112
3476,1677586135000,119
3476,1677586135000,120
3476,1677586135000,123
3477,1677587360000,120
3478,1677587666000,129
3479,1677587778000,124
3480,1677588241000,NULL
3481,1677588497000,121
3482,1677589532000,101
3482,1677589532000,107
3482,1677589532000,105
3483,1677589790000,124
3483,1677589790000,105
3483,1677589790000,106
3483,1677589790000,NULL
3484,1677592671000,108
3484,1677592671000,111
3485,1677592970000,122
3486,1677593413000,126
3487,1677594054000,115
3488,1677595920000,124
3488,1677595920000,117
3489,1677596923000,101
3490,1677597981000,101
3490,1677597981000,112
3490,1677597981000,131
3491,1677599090000,112
3492,1677600089000,128
3492,1677600089000,105
3493,1677601808000,103
3493,1677601808000,124
3493,1677601808000,112
3493,1677601808000,118
3494,1677602075000,126
3494,1677602075000,109
3494,1677602075000,122
3495,1677603306000,125
3495,1677603306000,131
3496,1677603717000,107
3496,1677603717000,124
3496,1677603717000,109
3497,1677604770000,128
3497,1677604770000,122
3497,1677604770000,123
3498,1677604787000,132
3499,1677605325000,109
3499,1677605325000,128
3499,1677605325000,111
3500,1677606097000,101
3500,1677606097000,110
3500,1677606097000,123
3501,1677606311000,125
3501,1677606311000,119
3501,1677606311000,122
3502,1677607339000,103
3502,1677607339000,127
3502,1677607339000,105
3502,1677607339000,132
3503,1677608131000,125
3503,1677608131000,109
3503,1677608131000,112
3504,1677608170000,107
3504,1677608170000,121
3505,1677609320000,101
3505,1677609320000,107
3505,1677609320000,113
3506,1677609586000,120
3506,1677609586000,106
3507,1677610044000,121
3507,1677610044000,123
3508,1677610726000,101
3508,1677610726000,102
3508,1677610726000,117
3509,1677611149000,125
3509,1677611149000,126
3509,1677611149000,109
3509,1677611149000,NULL
3510,1677612072000,102
3510,1677612072000,102
3510,1677612072000,128
3510,1677612072000,120
3511,1677612234000,116
3511,1677612234000,128
3511,1677612234000,113
3511,1677612234000,114
3512,1677613155000,101
3512,1677613155000,102
3512,1677613155000,117
3512,1677613155000,122
3513,1677613450000,126
3514,1677614350000,104
3514,1677614350000,128
3515,1677614418000,128
3516,1677614717000,109
3516,1677614717000,122
3516,1677614717000,106
3516,1677614717000,132
3517,1677614810000,110
3517,1677614810000,122
3518,1677616824000,107
3518,1677616824000,102
3519,1677616968000,124
3519,1677616968000,125
3520,1677617262000,129
3520,1677617262000,132
3521,1677617473000,113
3521,1677617473000,123
3522,1677618214000,104
3522,1677618214000,126
3522,1677618214000,109
3522,1677618214000,131
3523,1677618414000,129
3524,1677618862000,108
3524,1677618862000,129
3524,1677618862000,132
3525,1677619262000,102
3525,1677619262000,104
3525,1677619262000,131
3526,1677619719000,109
3527,1677619814000,108
3527,1677619814000,112
3527,1677619814000,NULL
3528,1677620380000,107
3528,1677620380000,117
3528,1677620380000,111
3528,1677620380000,120
3529,1677621133000,110
3529,1677621133000,118
3530,1677625517000,108
3530,1677625517000,126
3530,1677625517000,132
3531,1677670440000,113
3532,1677671367000,105
3533,1677672481000,125
3533,1677672481000,117
3533,1677672481000,132
3534,1677674029000,101
3534,1677674029000,102
3535,1677674834000,126
3535,1677674834000,132
3536,1677675079000,128
3537,1677675172000,102
3537,1677675172000,109
3537,1677675172000,120
3537,1677675172000,105
3538,1677677147000,109
3538,1677677147000,112
3538,1677677147000,131
3538,1677677147000,132
3539,1677679731000,116
3539,1677679731000,102
3539,1677679731000,108
3539,1677679731000,131
3539,1677679731000,131
3540,1677680457000,113
3541,1677681541000,132
3542,1677681622000,126
3543,1677681693000,124
3544,1677682606000,124
3544,1677682606000,126
3545,1677683404000,130
3545,1677683404000,131
3546,1677684014000,109
3546,1677684014000,105
3546,1677684014000,106
3546,1677684014000,132
3547,1677685660000,107
3547,1677685660000,105
3548,1677686270000,108
3548,1677686270000,117
3549,1677689896000,125
3549,1677689896000,119
3550,1677690289000,110
3550,1677690289000,122
3551,1677690291000,107
3552,1677690418000,125
3552,1677690418000,113
3552,1677690418000,118
3553,1677691782000,124
3553,1677691782000,111
3554,1677692556000,122
3555,1677692933000,104
3555,1677692933000,124
3555,1677692933000,109
3555,1677692933000,130
3556,1677693141000,101
3556,1677693141000,110
3557,1677694032000,122
3558,1677694081000,105
3558,1677694081000,114
3559,1677694660000,125
3559,1677694660000,129
3559,1677694660000,105
3559,1677694660000,130
3560,1677694781000,110
3560,1677694781000,128
3561,1677695793000,113
3561,1677695793000,118
3562,1677696076000,127
3562,1677696076000,105
3563,1677696292000,117
3564,1677696996000,120
3564,1677696996000,122
3565,1677697294000,131
3566,1677698067000,102
3566,1677698067000,109
3567,1677698428000,128
3568,1677698843000,118
3568,1677698843000,114
3569,1677699569000,108
3570,1677699817000,113
3570,1677699817000,106
3571,1677700595000,112
3571,1677700595000,113
3571,1677700595000,NULL
3572,1677701197000,117
3573,1677701272000,102
3573,1677701272000,113
3573,1677701272000,105
3574,1677703740000,115
3574,1677703740000,109
3574,1677703740000,106
3575,1677705058000,132
3576,1677708046000,124
3576,1677708046000,113
3576,1677708046000,106
3577,1677708522000,105
3578,1677709428000,102
3579,1677711558000,107
3579,1677711558000,108
3580,1677757764000,112
3581,1677757945000,103
3582,1677758107000,119
3582,1677758107000,122
3583,1677758836000,101
3583,1677758836000,116
3583,1677758836000,102
3583,1677758836000,124
3583,1677758836000,125
3583,1677758836000,110
3583,1677758836000,129
3583,1677758836000,120
3583,1677758836000,105
3583,1677758836000,122
3583,1677758836000,122
3583,1677758836000,130
3583,1677758836000,131
3584,1677760247000,103
3584,1677760247000,124
3584,1677760247000,106
3585,1677760410000,111
3586,1677760495000,101
3587,1677760753000,117
3587,1677760753000,112
3587,1677760753000,131
3588,1677760972000,118
3589,1677761209000,101
3589,1677761209000,102
3589,1677761209000,104
3589,1677761209000,109
3589,1677761209000,128
3589,1677761209000,111
3589,1677761209000,NULL
3589,1677761209000,132
3589,1677761209000,132
3590,1677761405000,109
3590,1677761405000,127
3590,1677761405000,122
3590,1677761405000,122
3591,1677762442000,117
3592,1677762710000,121
3593,1677762928000,102
3593,1677762928000,126
3593,1677762928000,105
3593,1677762928000,122
3594,1677763374000,112
3595,1677764001000,115
3595,1677764001000,102
3596,1677764226000,107
3597,1677764587000,131
3598,1677764798000,121
3599,1677765584000,116
3600,1677765670000,123
3600,1677765670000,123
3601,1677765881000,109
3601,1677765881000,112
3601,1677765881000,105
3602,1677768185000,129
3603,1677769291000,107
3604,1677770846000,102
3605,1677770871000,109
3605,1677770871000,119
3606,1677771612000,117
3606,1677771612000,120
3606,1677771612000,122
3607,1677771811000,131
3607,1677771811000,123
3608,1677772246000,101
3608,1677772246000,126
3608,1677772246000,110
3608,1677772246000,129
3609,1677772434000,101
3609,1677772434000,106
3610,1677773972000,108
3610,1677773972000,108
3610,1677773972000,127
3611,1677774530000,105
3612,1677774961000,130
3613,1677775014000,125
3613,1677775014000,NULL
3614,1677776301000,120
3614,1677776301000,130
3615,1677777188000,101
3615,1677777188000,102
3615,1677777188000,113
3616,1677777547000,102
3616,1677777547000,132
3617,1677778292000,101
3617,1677778292000,105
3617,1677778292000,132
3618,1677778435000,107
3618,1677778435000,108
3618,1677778435000,118
3618,1677778435000,119
3619,1677779251000,111
3619,1677779251000,106
3620,1677779648000,116
3621,1677780136000,113
3622,1677780382000,109
3622,1677780382000,118
3622,1677780382000,119
3622,1677780382000,NULL
3623,1677781206000,104
3623,1677781206000,108
3623,1677781206000,106
3624,1677781501000,105
3625,1677781762000,101
3625,1677781762000,128
3626,1677781791000,129
3626,1677781791000,119
3626,1677781791000,106
3627,1677782721000,127
3627,1677782721000,122
3627,1677782721000,123
3628,1677783660000,101
3628,1677783660000,129
3629,1677784174000,107
3629,1677784174000,108
3629,1677784174000,126
3629,1677784174000,132
3630,1677785680000,110
3630,1677785680000,118
3630,1677785680000,131
3631,1677789685000,122
3632,1677790834000,113
3633,1677791029000,109
3633,1677791029000,112
3633,1677791029000,113
3634,1677791800000,107
3634,1677791800000,108
3634,1677791800000,105
3635,1677792489000,120
3635,1677792489000,105
3635,1677792489000,105
3635,1677792489000,105
3636,1677792843000,112
3636,1677792843000,105
3637,1677795684000,109
3638,1677842762000,102
3639,1677843101000,102
3639,1677843101000,122
3640,1677844241000,120
3641,1677845647000,111
3642,1677846258000,124
3642,1677846258000,109
3642,1677846258000,105
3643,1677847197000,124
3643,1677847197000,110
3643,1677847197000,111
3643,1677847197000,119
3644,1677847727000,109
3645,1677848226000,102
3646,1677848252000,126
3646,1677848252000,131
3647,1677848508000,119
3648,1677848706000,103
3648,1677848706000,109
3649,1677848840000,107
3649,1677848840000,125
3649,1677848840000,131
3649,1677848840000,123
3650,1677849213000,116
3650,1677849213000,126
3650,1677849213000,109
3651,1677849410000,124
3652,1677849661000,117
3652,1677849661000,127
3652,1677849661000,105
3652,1677849661000,123
3653,1677849929000,118
3654,1677850714000,101
3654,1677850714000,107
3654,1677850714000,102
3654,1677850714000,102
3654,1677850714000,103
3654,1677850714000,108
3654,1677850714000,109
3654,1677850714000,109
3654,1677850714000,129
3654,1677850714000,111
3654,1677850714000,120
3654,1677850714000,122
3655,1677850764000,108
3655,1677850764000,111
3655,1677850764000,120
3655,1677850764000,106
3656,1677850865000,131
3657,1677851581000,125
3657,1677851581000,129
3658,1677852033000,110
3658,1677852033000,106
3659,1677852205000,102
3659,1677852205000,109
3659,1677852205000,113
3659,1677852205000,118
3659,1677852205000,119
3659,1677852205000,121
3659,1677852205000,105
3659,1677852205000,130
3659,1677852205000,132
3659,1677852205000,132
3660,1677852533000,107
3660,1677852533000,108
3660,1677852533000,109
3660,1677852533000,113
3661,1677855902000,101
3661,1677855902000,110
3661,1677855902000,129
3661,1677855902000,106
3662,1677857665000,125
3663,1677858434000,103
3663,1677858434000,128
3663,1677858434000,129
3663,1677858434000,120
3664,1677858909000,108
3665,1677861140000,101
3665,1677861140000,110
3665,1677861140000,127
3666,1677861824000,101
3666,1677861824000,121
3667,1677861979000,103
3667,1677861979000,118
3667,1677861979000,118
3668,1677863171000,109
3668,1677863171000,110
3668,1677863171000,120
3669,1677863978000,107
3669,1677863978000,115
3669,1677863978000,123
3670,1677864425000,108
3670,1677864425000,132
3671,1677864447000,108
3671,1677864447000,119
3671,1677864447000,114
3672,1677864589000,106
3673,1677865725000,115
3673,1677865725000,131
3674,1677866311000,130
3675,1677867507000,103
3675,1677867507000,109
3675,1677867507000,129
3675,1677867507000,131
3676,1677868141000,120
3677,1677868592000,107
3677,1677868592000,127
3677,1677868592000,113
3677,1677868592000,118
3678,1677868909000,113
3678,1677868909000,130
3679,1677869159000,132
3680,1677870638000,101
3681,1677870710000,109
3682,1677872763000,102
3682,1677872763000,129
3683,1677873372000,108
3683,1677873372000,124
3683,1677873372000,118
3683,1677873372000,105
3684,1677873551000,115
3685,1677873912000,110
3685,1677873912000,128
3685,1677873912000,112
3686,1677874800000,119
3687,1677875137000,120
3688,1677876378000,101
3688,1677876378000,112
3689,1677879701000,103
3689,1677879701000,124
3689,1677879701000,122
3690,1677880698000,104
3690,1677880698000,121
3691,1677928980000,101
3691,1677928980000,129
3691,1677928980000,119
3691,1677928980000,120
3692,1677929464000,103
3692,1677929464000,108
3692,1677929464000,109
3692,1677929464000,117
3692,1677929464000,112
3692,1677929464000,118
3692,1677929464000,106
3693,1677929678000,108
3694,1677929897000,116
3695,1677931362000,110
3696,1677931629000,109
3697,1677932377000,126
3697,1677932377000,127
3697,1677932377000,111
3698,1677932910000,110
3698,1677932910000,128
3699,1677932994000,107
3699,1677932994000,105
3699,1677932994000,105
3700,1677933139000,116
3700,1677933139000,113
3701,1677934281000,125
3702,1677934409000,101
3702,1677934409000,108
3702,1677934409000,124
3702,1677934409000,110
3702,1677934409000,110
3702,1677934409000,118
3702,1677934409000,131
3702,1677934409000,114
3703,1677934791000,101
3703,1677934791000,115
3703,1677934791000,116
3704,1677935184000,109
3705,1677935742000,104
3705,1677935742000,108
3705,1677935742000,127
3705,1677935742000,129
3705,1677935742000,119
3706,1677935851000,111
3707,1677936021000,109
3708,1677936215000,118
3709,1677936410000,120
3709,1677936410000,105
3710,1677937720000,101
3710,1677937720000,102
3710,1677937720000,102
3710,1677937720000,127
3710,1677937720000,112
3710,1677937720000,118
3710,1677937720000,119
3710,1677937720000,120
3710,1677937720000,105
3710,1677937720000,106
3711,1677937903000,105
3712,1677939354000,106
3713,1677941120000,101
3713,1677941120000,102
3713,1677941120000,109
3713,1677941120000,129
3714,1677941268000,109
3715,1677941480000,103
3715,1677941480000,117
3715,1677941480000,132
3716,1677941878000,109
3716,1677941878000,111
3717,1677944309000,102
3717,1677944309000,117
3718,1677945433000,131
3719,1677946166000,110
3720,1677946209000,104
3721,1677946528000,108
3722,1677946906000,116
3723,1677947342000,128
3723,1677947342000,106
3724,1677947885000,108
3724,1677947885000,126
3724,1677947885000,113
3724,1677947885000,106
3725,1677948976000,102
3725,1677948976000,111
3725,1677948976000,NULL
3726,1677949910000,107
3726,1677949910000,119
3727,1677950194000,103
3728,1677951038000,103
3728,1677951038000,111
3728,1677951038000,119
3728,1677951038000,123
3729,1677952329000,101
3729,1677952329000,108
3729,1677952329000,108
3729,1677952329000,124
3729,1677952329000,111
3729,1677952329000,106
3730,1677952540000,103
3730,1677952540000,128
3731,1677953200000,125
3732,1677953605000,122
3732,1677953605000,132
3733,1677953999000,101
3733,1677953999000,101
3733,1677953999000,111
3733,1677953999000,132
3734,1677954205000,107
3734,1677954205000,117
3734,1677954205000,113
3734,1677954205000,119
3735,1677954322000,112
3735,1677954322000,105
3735,1677954322000,106
3736,1677954425000,107
3736,1677954425000,102
3736,1677954425000,129
3736,1677954425000,131
3737,1677954460000,102
3738,1677955002000,110
3738,1677955002000,106
3739,1677956387000,110
3739,1677956387000,128
3740,1677957444000,120
3741,1677957452000,125
3741,1677957452000,118
3742,1677959313000,117
3743,1677959572000,106
3744,1677960867000,107
3744,1677960867000,125
3745,1677961811000,101
3745,1677961811000,102
3746,1677962753000,111
3746,1677962753000,123
3747,1677962893000,101
3747,1677962893000,103
3748,1677963547000,101
3748,1677963547000,102
3748,1677963547000,128
3749,1677963741000,108
3749,1677963741000,109
3749,1677963741000,127
3749,1677963741000,112
3750,1678016781000,105
3751,1678016854000,117
3751,1678016854000,111
3751,1678016854000,113
3751,1678016854000,122
3752,1678016976000,125
3753,1678017707000,124
3753,1678017707000,109
3753,1678017707000,122
3754,1678017920000,109
3755,1678018834000,101
3756,1678019424000,101
3756,1678019424000,116
3756,1678019424000,108
3756,1678019424000,112
3757,1678019589000,102
3758,1678019685000,110
3759,1678020269000,106
3760,1678020585000,101
3761,1678020754000,123
3762,1678021432000,109
3763,1678021609000,124
3764,1678021619000,108
3764,1678021619000,119
3765,1678022487000,102
3765,1678022487000,112
3765,1678022487000,122
3765,1678022487000,NULL
3765,1678022487000,132
3766,1678022629000,102
3767,1678022779000,108
3767,1678022779000,127
3768,1678022824000,106
3769,1678022919000,127
3769,1678022919000,132
3770,1678023261000,128
3771,1678023317000,124
3771,1678023317000,128
3772,1678023499000,119
3773,1678023691000,110
3773,1678023691000,111
3773,1678023691000,122
3774,1678024035000,108
3774,1678024035000,124
3774,1678024035000,125
3774,1678024035000,109
3774,1678024035000,117
3774,1678024035000,112
3774,1678024035000,120
3774,1678024035000,121
3774,1678024035000,123
3774,1678024035000,132
3775,1678024164000,118
3776,1678024748000,125
3776,1678024748000,109
3776,1678024748000,111
3776,1678024748000,118
3776,1678024748000,105
3777,1678025121000,109
3778,1678026063000,129
3778,1678026063000,113
3779,1678026259000,125
3779,1678026259000,129
3780,1678027158000,109
3780,1678027158000,117
3780,1678027158000,118
3780,1678027158000,123
3781,1678029906000,119
3782,1678030184000,113
3782,1678030184000,105
3782,1678030184000,122
3782,1678030184000,NULL
3783,1678030282000,126
3783,1678030282000,109
3783,1678030282000,105
3783,1678030282000,122
3784,1678030684000,120
3785,1678030942000,102
3786,1678031288000,109
3786,1678031288000,118
3787,1678031830000,116
3787,1678031830000,125
3787,1678031830000,113
3788,1678032470000,112
3788,1678032470000,130
3789,1678032774000,125
3789,1678032774000,125
3789,1678032774000,110
3789,1678032774000,112
3790,1678032779000,108
3791,1678033590000,119
3792,1678034377000,108
3792,1678034377000,106
3793,1678035841000,101
3793,1678035841000,108
3793,1678035841000,112
3793,1678035841000,132
3794,1678036183000,106
3794,1678036183000,114
3795,1678036265000,107
3795,1678036265000,131
3796,1678036751000,102
3796,1678036751000,105
3796,1678036751000,106
3797,1678037012000,105
3798,1678037043000,102
3798,1678037043000,119
3798,1678037043000,121
3798,1678037043000,130
3799,1678037114000,102
3799,1678037114000,103
3799,1678037114000,132
3800,1678037454000,109
3800,1678037454000,129
3800,1678037454000,121
3800,1678037454000,106
3801,1678038707000,107
3801,1678038707000,110
3801,1678038707000,129
3802,1678039389000,117
3802,1678039389000,119
3803,1678039539000,109
3804,1678039983000,125
3805,1678040492000,119
3806,1678041010000,102
3806,1678041010000,117
3807,1678041358000,124
3807,1678041358000,110
3807,1678041358000,106
3808,1678041552000,101
3809,1678042331000,113
3809,1678042331000,120
3809,1678042331000,114
3809,1678042331000,132
3810,1678042414000,122
3811,1678044785000,121
3812,1678049889000,112
3812,1678049889000,105
3812,1678049889000,106
3813,1678050083000,132
3814,1678102315000,132
3815,1678102317000,121
3816,1678104344000,102
3816,1678104344000,119
3817,1678104796000,108
3818,1678105140000,124
3818,1678105140000,128
3818,1678105140000,122
3818,1678105140000,131
3819,1678105481000,108
3820,1678105671000,122
3821,1678105792000,107
3821,1678105792000,103
3821,1678105792000,108
3821,1678105792000,125
3821,1678105792000,109
3821,1678105792000,129
3821,1678105792000,113
3821,1678105792000,119
3821,1678105792000,122
3822,1678105808000,121
3823,1678105900000,103
3824,1678106242000,112
3825,1678106357000,131
3826,1678106373000,116
3826,1678106373000,102
3827,1678106575000,113
3827,1678106575000,119
3827,1678106575000,120
3828,1678106935000,101
3828,1678106935000,107
3828,1678106935000,108
3828,1678106935000,117
3828,1678106935000,120
3828,1678106935000,105
3828,1678106935000,122
3828,1678106935000,130
3828,1678106935000,130
3828,1678106935000,132
3829,1678107946000,101
3830,1678108190000,109
3831,1678108493000,123
3832,1678108996000,121
3833,1678109385000,115
3833,1678109385000,102
3834,1678110482000,104
3834,1678110482000,109
3834,1678110482000,129
3834,1678110482000,111
3835,1678111161000,117
3836,1678112018000,108
3837,1678113034000,104
3838,1678114041000,101
3839,1678115116000,127
3840,1678115885000,131
3840,1678115885000,132
3841,1678115890000,105
3841,1678115890000,130
3842,1678117263000,101
3842,1678117263000,129
3843,1678117583000,101
3843,1678117583000,132
3844,1678118369000,103
3844,1678118369000,106
3845,1678118460000,108
3845,1678118460000,117
3846,1678119280000,113
3846,1678119280000,131
3847,1678121259000,109
3847,1678121259000,127
3848,1678122176000,125
3849,1678122352000,122
3850,1678122769000,132
3851,1678122919000,103
3851,1678122919000,119
3851,1678122919000,121
3852,1678123638000,109
3852,1678123638000,118
3852,1678123638000,106
3853,1678124808000,116
3853,1678124808000,129
3853,1678124808000,113
3853,1678124808000,113
3854,1678125649000,117
3855,1678126123000,102
3855,1678126123000,124
3856,1678126558000,125
3856,1678126558000,113
3856,1678126558000,120
3856,1678126558000,105
3857,1678127308000,113
3858,1678128172000,109
3858,1678128172000,119
3858,1678128172000,119
3859,1678128497000,115
3860,1678129158000,108
3860,1678129158000,126
3860,1678129158000,128
3860,1678129158000,132
3861,1678130115000,103
3861,1678130115000,126
3861,1678130115000,112
3861,1678130115000,106
3862,1678130322000,117
3863,1678132237000,110
3863,1678132237000,127
3863,1678132237000,113
3864,1678132635000,113
3864,1678132635000,106
3865,1678132728000,124
3865,1678132728000,109
3865,1678132728000,122
3865,1678132728000,130
3866,1678132886000,124
3866,1678132886000,112
3866,1678132886000,105
3867,1678133412000,101
3867,1678133412000,117
3867,1678133412000,111
3868,1678133910000,101
3869,1678134558000,101
3869,1678134558000,118
3869,1678134558000,119
3870,1678134883000,102
3870,1678134883000,124
3870,1678134883000,120
3870,1678134883000,132
3871,1678137127000,126
3871,1678137127000,113
3871,1678137127000,114
3872,1678137530000,107
3872,1678137530000,119
3872,1678137530000,130
3873,1678137722000,127
3874,1678138106000,105
3874,1678138106000,122
3874,1678138106000,106
3875,1678138107000,107
3875,1678138107000,NULL
3876,1678138489000,110
3877,1678140839000,115
3877,1678140839000,124
3877,1678140839000,123
3878,1678141386000,109
3879,1678142483000,117
3880,1678189088000,101
3880,1678189088000,112
3880,1678189088000,113
3880,1678189088000,119
3881,1678189578000,120
3882,1678189667000,107
3883,1678189710000,121
3884,1678189956000,109
3884,1678189956000,129
3884,1678189956000,118
3884,1678189956000,130
3885,1678190914000,108
3886,1678191800000,116
3886,1678191800000,102
3886,1678191800000,127
3886,1678191800000,111
3886,1678191800000,118
3886,1678191800000,105
3886,1678191800000,130
3886,1678191800000,131
3887,1678191850000,101
3887,1678191850000,101
3887,1678191850000,125
3887,1678191850000,118
3887,1678191850000,130
3887,1678191850000,131
3887,1678191850000,131
3888,1678193531000,120
3889,1678195687000,110
3890,1678197683000,117
3891,1678200155000,107
3891,1678200155000,132
3892,1678201238000,101
3892,1678201238000,102
3892,1678201238000,103
3893,1678201590000,117
3893,1678201590000,132
3894,1678203359000,126
3894,1678203359000,130
3895,1678205289000,107
3895,1678205289000,109
3895,1678205289000,129
3895,1678205289000,132
3896,1678205345000,103
3896,1678205345000,124
3897,1678205693000,112
3898,1678205717000,103
3899,1678206066000,102
3899,1678206066000,111
3899,1678206066000,130
3899,1678206066000,106
3900,1678206379000,104
3900,1678206379000,108
3900,1678206379000,124
3900,1678206379000,126
3901,1678206899000,126
3901,1678206899000,127
3901,1678206899000,129
3901,1678206899000,120
3902,1678208471000,116
3903,1678209524000,101
3903,1678209524000,125
3904,1678209727000,121
3904,1678209727000,131
3905,1678210780000,125
3905,1678210780000,109
3905,1678210780000,112
3906,1678210923000,NULL
3907,1678212404000,107
3907,1678212404000,102
3907,1678212404000,110
3908,1678213067000,125
3909,1678213407000,119
3910,1678213846000,112
3911,1678214486000,101
3911,1678214486000,126
3911,1678214486000,120
3911,1678214486000,122
3912,1678214639000,110
3913,1678214753000,101
3913,1678214753000,109
3913,1678214753000,129
3913,1678214753000,130
3914,1678216123000,101
3914,1678216123000,113
3914,1678216123000,122
3914,1678216123000,106
3915,1678216375000,126
3915,1678216375000,117
3916,1678216859000,126
3916,1678216859000,113
3917,1678217509000,109
3917,1678217509000,120
3918,1678218059000,107
3918,1678218059000,117
3918,1678218059000,120
3919,1678218534000,108
3919,1678218534000,108
3919,1678218534000,117
3919,1678218534000,105
3920,1678218546000,123
3920,1678218546000,106
3921,1678219819000,123
3922,1678219959000,111
3923,1678220579000,104
3923,1678220579000,127
3923,1678220579000,121
3923,1678220579000,123
3924,1678221222000,119
3924,1678221222000,114
3925,1678221585000,110
3925,1678221585000,117
3925,1678221585000,106
3926,1678222193000,107
3927,1678222628000,117
3927,1678222628000,112
3927,1678222628000,118
3928,1678222915000,101
3928,1678222915000,115
3928,1678222915000,114
3929,1678223617000,111
3929,1678223617000,131
3930,1678223787000,106
3931,1678224194000,101
3931,1678224194000,105
3932,1678225752000,120
3933,1678227521000,112
3933,1678227521000,119
3934,1678228284000,101
3934,1678228284000,121
3935,1678228957000,103
3935,1678228957000,108
3935,1678228957000,109
3935,1678228957000,112
3936,1678229957000,122
3936,1678229957000,131
3937,1678230155000,107
3937,1678230155000,127
3937,1678230155000,131
3938,1678276219000,109
3939,1678278172000,120
3940,1678278568000,104
3940,1678278568000,108
3940,1678278568000,108
3940,1678278568000,125
3940,1678278568000,113
3940,1678278568000,113
3940,1678278568000,105
3940,1678278568000,122
3940,1678278568000,106
3940,1678278568000,132
3940,1678278568000,132
3940,1678278568000,132
3941,1678278676000,124
3942,1678278854000,101
3943,1678279043000,103
3944,1678280328000,103
3944,1678280328000,117
3945,1678280924000,107
3945,1678280924000,126
3945,1678280924000,110
3945,1678280924000,113
3945,1678280924000,120
3945,1678280924000,105
3946,1678281361000,109
3946,1678281361000,127
3947,1678281536000,113
3948,1678281926000,127
3949,1678282410000,102
3950,1678283012000,107
3951,1678284865000,104
3951,1678284865000,109
3951,1678284865000,129
3951,1678284865000,106
3952,1678284882000,101
3953,1678286106000,122
3954,1678286320000,127
3955,1678286812000,119
3956,1678287226000,102
3957,1678287767000,109
3958,1678288384000,107
3959,1678288685000,102
3959,1678288685000,118
3960,1678290968000,117
3960,1678290968000,129
3961,1678291008000,122
3962,1678291101000,104
3963,1678291175000,107
3963,1678291175000,109
3963,1678291175000,131
3964,1678292202000,125
3964,1678292202000,131
3965,1678292799000,101
3966,1678293178000,107
3966,1678293178000,124
3966,1678293178000,109
3966,1678293178000,119
3967,1678294103000,101
3967,1678294103000,115
3968,1678294544000,111
3968,1678294544000,118
3968,1678294544000,119
3968,1678294544000,121
3969,1678294675000,128
3970,1678295278000,125
3970,1678295278000,118
3970,1678295278000,132
3971,1678295598000,103
3971,1678295598000,117
3971,1678295598000,113
3972,1678296595000,101
3972,1678296595000,123
3973,1678296895000,125
3973,1678296895000,112
3973,1678296895000,122
3973,1678296895000,106
3974,1678297294000,101
3974,1678297294000,127
3974,1678297294000,129
3974,1678297294000,122
3975,1678297609000,107
3976,1678297913000,117
3976,1678297913000,128
3977,1678297936000,116
3977,1678297936000,108
3977,1678297936000,106
3978,1678298121000,109
3978,1678298121000,120
3978,1678298121000,106
3979,1678299097000,109
3980,1678299556000,117
3981,1678299559000,108
3982,1678299567000,116
3983,1678299931000,120
3984,1678300087000,126
3984,1678300087000,109
3984,1678300087000,113
3984,1678300087000,105
3985,1678300164000,110
3985,1678300164000,106
3985,1678300164000,106
3986,1678300191000,123
3987,1678300401000,101
3987,1678300401000,101
3987,1678300401000,119
3987,1678300401000,105
3988,1678303634000,107
3988,1678303634000,125
3989,1678305196000,119
3989,1678305196000,105
3990,1678305395000,105
3991,1678305834000,126
3991,1678305834000,111
3991,1678305834000,106
3992,1678306442000,101
3992,1678306442000,107
3992,1678306442000,113
3992,1678306442000,122
3993,1678307357000,101
3993,1678307357000,103
3994,1678307409000,129
3995,1678308461000,108
3995,1678308461000,121
3996,1678308673000,101
3996,1678308673000,130
3997,1678308945000,101
3997,1678308945000,104
3998,1678311407000,106
3999,1678312020000,103
3999,1678312020000,108
3999,1678312020000,128
4000,1678361641000,101
4000,1678361641000,126
4000,1678361641000,121
4000,1678361641000,106
4001,1678362113000,128
4001,1678362113000,106
4002,1678362381000,125
4002,1678362381000,119
4003,1678362590000,110
4004,1678362786000,104
4005,1678365614000,104
4005,1678365614000,108
4005,1678365614000,108
4005,1678365614000,128
4005,1678365614000,129
4005,1678365614000,119
4006,1678365889000,120
4007,1678367026000,101
4008,1678367027000,108
4008,1678367027000,130
4009,1678367214000,101
4009,1678367214000,101
4010,1678367263000,102
4010,1678367263000,125
4010,1678367263000,112
4010,1678367263000,112
4011,1678367575000,105
4012,1678367874000,103
4012,1678367874000,124
4012,1678367874000,105
4012,1678367874000,114
4013,1678368713000,101
4013,1678368713000,124
4014,1678369179000,101
4014,1678369179000,102
4014,1678369179000,104
4014,1678369179000,108
4014,1678369179000,110
4014,1678369179000,117
4014,1678369179000,129
4014,1678369179000,113
4014,1678369179000,121
4014,1678369179000,105
4014,1678369179000,122
4014,1678369179000,106
4015,1678370748000,101
4015,1678370748000,116
4015,1678370748000,108
4015,1678370748000,124
4015,1678370748000,105
4015,1678370748000,122
4016,1678370970000,122
4016,1678370970000,114
4017,1678371615000,109
4018,1678373193000,106
4019,1678373728000,109
4020,1678375834000,123
4020,1678375834000,123
4021,1678376372000,104
4021,1678376372000,110
4021,1678376372000,110
4021,1678376372000,117
4022,1678378529000,105
4022,1678378529000,131
4023,1678378717000,126
4023,1678378717000,119
4023,1678378717000,123
4024,1678379191000,108
4025,1678379936000,103
4025,1678379936000,117
4025,1678379936000,127
4026,1678380401000,105
4026,1678380401000,131
4027,1678380650000,108
4027,1678380650000,128
4027,1678380650000,132
4028,1678381448000,102
4029,1678381735000,126
4029,1678381735000,132
4030,1678381840000,107
4030,1678381840000,125
4031,1678382777000,107
4031,1678382777000,124
4031,1678382777000,109
4032,1678383650000,120
4032,1678383650000,106
4033,1678383826000,105
4034,1678384097000,109
4034,1678384097000,129
4034,1678384097000,113
4034,1678384097000,114
4035,1678384490000,124
4035,1678384490000,131
4036,1678384564000,102
4036,1678384564000,103
4036,1678384564000,125
4036,1678384564000,105
4037,1678384894000,101
4037,1678384894000,125
4037,1678384894000,126
4037,1678384894000,113
4038,1678385043000,130
4038,1678385043000,114
4039,1678385602000,118
4040,1678386714000,111
4040,1678386714000,118
4041,1678386814000,107
4042,1678387063000,102
4042,1678387063000,129
4043,1678387077000,101
4044,1678388389000,107
4044,1678388389000,104
4045,1678388874000,111
4045,1678388874000,119
4046,1678389580000,102
4046,1678389580000,109
4047,1678390886000,103
4048,1678390972000,115
4048,1678390972000,108
4048,1678390972000,109
4048,1678390972000,114
4049,1678393362000,115
4049,1678393362000,125
4049,1678393362000,118
4050,1678393380000,124
4051,1678393731000,101
4051,1678393731000,107
4051,1678393731000,113
4051,1678393731000,106
4052,1678395107000,108
4052,1678395107000,124
4053,1678397020000,117
4054,1678397968000,121
4055,1678399119000,116
4055,1678399119000,113
4055,1678399119000,122
4056,1678447536000,108
4056,1678447536000,109
4056,1678447536000,119
4056,1678447536000,106
4057,1678447734000,101
4057,1678447734000,109
4058,1678448163000,108
4058,1678448163000,125
4058,1678448163000,106
4059,1678449960000,104
4060,1678451120000,103
4060,1678451120000,110
4060,1678451120000,105
4060,1678451120000,122
4061,1678451226000,102
4062,1678451399000,125
4063,1678451692000,109
4063,1678451692000,110
4063,1678451692000,113
4064,1678451990000,104
4064,1678451990000,124
4064,1678451990000,109
4064,1678451990000,117
4064,1678451990000,113
4064,1678451990000,113
4064,1678451990000,118
4064,1678451990000,121
4064,1678451990000,132
4065,1678452429000,122
4066,1678452646000,107
4067,1678452815000,131
4068,1678453000000,107
4068,1678453000000,103
4068,1678453000000,111
4068,1678453000000,131
4069,1678453475000,125
4070,1678453773000,108
4070,1678453773000,129
4071,1678453892000,108
4072,1678454391000,102
4072,1678454391000,108
4072,1678454391000,127
4072,1678454391000,131
4073,1678454722000,125
4073,1678454722000,118
4073,1678454722000,132
4074,1678455197000,106
4075,1678455698000,122
4076,1678455835000,101
4076,1678455835000,125
4077,1678456511000,104
4077,1678456511000,108
4077,1678456511000,109
4077,1678456511000,127
4077,1678456511000,129
4077,1678456511000,120
4077,1678456511000,130
4077,1678456511000,106
4077,1678456511000,132
4078,1678457201000,125
4078,1678457201000,109
4078,1678457201000,113
4078,1678457201000,132
4079,1678459005000,101
4080,1678459090000,108
4080,1678459090000,114
4081,1678459300000,105
4082,1678459994000,101
4082,1678459994000,112
4083,1678460031000,108
4083,1678460031000,130
4083,1678460031000,106
4084,1678460175000,106
4085,1678460288000,129
4086,1678460470000,128
4086,1678460470000,106
4087,1678462921000,107
4087,1678462921000,124
4087,1678462921000,105
4088,1678463281000,112
4088,1678463281000,114
4089,1678464251000,115
4089,1678464251000,125
4089,1678464251000,117
4089,1678464251000,122
4090,1678466586000,102
4090,1678466586000,105
4091,1678466617000,126
4091,1678466617000,106
4092,1678466963000,125
4092,1678466963000,126
4093,1678468276000,108
4093,1678468276000,124
4093,1678468276000,119
4093,1678468276000,122
4094,1678468434000,107
4095,1678468923000,128
4096,1678470246000,123
4097,1678471058000,104
4097,1678471058000,109
4097,1678471058000,129
4097,1678471058000,112
4098,1678472447000,109
4098,1678472447000,122
4099,1678472485000,115
4099,1678472485000,126
4100,1678473006000,109
4101,1678473749000,110
4102,1678473932000,107
4102,1678473932000,104
4103,1678475404000,107
4103,1678475404000,113
4103,1678475404000,120
4103,1678475404000,122
4104,1678475668000,105
4105,1678476641000,101
4105,1678476641000,110
4105,1678476641000,129
4105,1678476641000,132
4106,1678478905000,107
4106,1678478905000,111
4107,1678479452000,117
4107,1678479452000,112
4108,1678479638000,101
4108,1678479638000,125
4108,1678479638000,129
4108,1678479638000,122
4109,1678481134000,102
4109,1678481134000,110
4109,1678481134000,127
4109,1678481134000,120
4110,1678481720000,125
4110,1678481720000,110
4110,1678481720000,117
4110,1678481720000,106
4111,1678482308000,125
4111,1678482308000,126
4112,1678483399000,107
4112,1678483399000,104
4112,1678483399000,106
4113,1678486427000,122
4114,1678486688000,120
4115,1678536101000,132
4116,1678536121000,106
4117,1678536360000,105
4118,1678536649000,118
4119,1678537061000,111
4120,1678537861000,111
4120,1678537861000,112
4121,1678538256000,115
4121,1678538256000,124
4121,1678538256000,109
4121,1678538256000,127
4122,1678538674000,128
4122,1678538674000,105
4122,1678538674000,132
4123,1678539218000,107
4123,1678539218000,116
4123,1678539218000,102
4123,1678539218000,103
4123,1678539218000,124
4123,1678539218000,126
4123,1678539218000,109
4123,1678539218000,117
4123,1678539218000,129
4123,1678539218000,106
4123,1678539218000,114
4124,1678539245000,124
4124,1678539245000,113
4124,1678539245000,131
4124,1678539245000,106
4125,1678539609000,101
4126,1678540046000,120
4127,1678540191000,106
4128,1678540846000,105
4129,1678540878000,124
4130,1678540925000,116
4130,1678540925000,102
4130,1678540925000,105
4131,1678542313000,101
4131,1678542313000,101
4131,1678542313000,108
4131,1678542313000,128
4131,1678542313000,129
4131,1678542313000,113
4131,1678542313000,132
4132,1678542586000,126
4132,1678542586000,129
4132,1678542586000,105
4132,1678542586000,123
4133,1678543509000,105
4134,1678544633000,125
4134,1678544633000,110
4135,1678544734000,102
4135,1678544734000,106
4136,1678545204000,108
4136,1678545204000,119
4136,1678545204000,120
4136,1678545204000,NULL
4136,1678545204000,132
4137,1678545219000,131
4138,1678545554000,112
4138,1678545554000,130
4139,1678545567000,125
4140,1678546915000,113
4141,1678548158000,117
4142,1678548982000,119
4142,1678548982000,123
4143,1678549149000,106
4144,1678551607000,107
4144,1678551607000,NULL
4145,1678551838000,129
4145,1678551838000,121
4145,1678551838000,131
4145,1678551838000,106
4146,1678551958000,129
4147,1678552666000,110
4147,1678552666000,118
4147,1678552666000,122
4148,1678552821000,106
4149,1678553013000,102
4149,1678553013000,124
4150,1678553138000,115
4150,1678553138000,128
4150,1678553138000,120
4150,1678553138000,122
4151,1678553393000,121
4151,1678553393000,131
4152,1678553476000,109
4152,1678553476000,127
4153,1678554485000,105
4153,1678554485000,106
4154,1678554697000,103
4155,1678554778000,124
4155,1678554778000,109
4155,1678554778000,105
4156,1678555107000,102
4157,1678555771000,109
4158,1678556010000,116
4158,1678556010000,129
4159,1678556244000,132
4160,1678558659000,105
4160,1678558659000,106
4161,1678559052000,102
4161,1678559052000,124
4161,1678559052000,130
4162,1678559279000,107
4162,1678559279000,125
4162,1678559279000,113
4163,1678559295000,108
4164,1678559604000,125
4165,1678559961000,118
4165,1678559961000,119
4166,1678560297000,124
4166,1678560297000,125
4166,1678560297000,105
4166,1678560297000,122
4167,1678560412000,107
4167,1678560412000,103
4167,1678560412000,105
4167,1678560412000,132
4168,1678562705000,102
4168,1678562705000,111
4169,1678564349000,102
4170,1678564917000,101
4170,1678564917000,107
4170,1678564917000,131
4171,1678570522000,132
4172,1678571382000,125
4173,1678572193000,108
4173,1678572193000,130
4174,1678573320000,126
4175,1678573637000,126
4176,1678573720000,128
4177,1678620364000,116
4177,1678620364000,129
4177,1678620364000,112
4177,1678620364000,113
4178,1678621022000,102
4178,1678621022000,112
4179,1678622215000,119
4180,1678622407000,109
4180,1678622407000,118
4181,1678622899000,101
4182,1678623233000,102
4182,1678623233000,129
4182,1678623233000,122
4183,1678623515000,113
4184,1678623583000,125
4184,1678623583000,111
4184,1678623583000,118
4184,1678623583000,119
4184,1678623583000,119
4185,1678624493000,116
4186,1678624685000,101
4186,1678624685000,115
4186,1678624685000,102
4186,1678624685000,126
4186,1678624685000,110
4186,1678624685000,117
4186,1678624685000,127
4186,1678624685000,111
4186,1678624685000,119
4186,1678624685000,105
4186,1678624685000,131
4186,1678624685000,106
4187,1678625067000,103
4188,1678626220000,106
4189,1678626942000,101
4189,1678626942000,108
4189,1678626942000,124
4189,1678626942000,125
4189,1678626942000,117
4190,1678629053000,124
4191,1678629319000,101
4192,1678629387000,121
4192,1678629387000,123
4193,1678629944000,120
4194,1678631420000,125
4194,1678631420000,111
4194,1678631420000,112
4195,1678632462000,101
4195,1678632462000,125
4195,1678632462000,112
4195,1678632462000,120
4196,1678634724000,NULL
4197,1678635449000,117
4198,1678635515000,131
4198,1678635515000,132
4199,1678636063000,125
4199,1678636063000,129
4200,1678636088000,125
4201,1678636203000,120
4201,1678636203000,131
4202,1678636292000,107
4202,1678636292000,116
4203,1678637208000,116
4203,1678637208000,109
4203,1678637208000,109
4204,1678637428000,113
4204,1678637428000,123
4205,1678638233000,115
4205,1678638233000,112
4206,1678638496000,116
4206,1678638496000,102
4206,1678638496000,127
4206,1678638496000,132
4207,1678639189000,125
4207,1678639189000,112
4207,1678639189000,119
4207,1678639189000,119
4208,1678640406000,104
4208,1678640406000,126
4208,1678640406000,122
4209,1678640787000,104
4209,1678640787000,132
4210,1678641295000,102
4210,1678641295000,117
4211,1678642467000,101
4211,1678642467000,115
4212,1678643089000,115
4212,1678643089000,130
4213,1678644505000,125
4213,1678644505000,112
4214,1678644583000,101
4215,1678645291000,125
4215,1678645291000,117
4216,1678645418000,107
4216,1678645418000,112
4216,1678645418000,105
4216,1678645418000,106
4217,1678645713000,125
4218,1678645757000,130
4219,1678646721000,101
4219,1678646721000,119
4220,1678647305000,128
4220,1678647305000,120
4220,1678647305000,132
4221,1678648026000,108
4222,1678648261000,117
4223,1678649955000,132
4224,1678652372000,108
4224,1678652372000,124
4224,1678652372000,119
4225,1678653007000,111
4225,1678653007000,111
4226,1678654733000,125
4227,1678658604000,112
4227,1678658604000,130
4228,1678706471000,107
4228,1678706471000,104
4228,1678706471000,108
4229,1678706800000,120
4230,1678709026000,120
4231,1678709515000,110
4231,1678709515000,105
4232,1678710125000,107
4232,1678710125000,108
4232,1678710125000,109
4232,1678710125000,109
4232,1678710125000,110
4232,1678710125000,113
4232,1678710125000,113
4232,1678710125000,118
4232,1678710125000,120
4232,1678710125000,120
4232,1678710125000,114
4232,1678710125000,NULL
4233,1678710366000,125
4233,1678710366000,119
4233,1678710366000,114
4234,1678710415000,125
4234,1678710415000,113
4235,1678711400000,126
4235,1678711400000,109
4235,1678711400000,112
4235,1678711400000,122
4235,1678711400000,131
4236,1678711610000,102
4236,1678711610000,109
4236,1678711610000,113
4237,1678712001000,106
4238,1678712245000,108
4238,1678712245000,129
4238,1678712245000,112
4238,1678712245000,121
4239,1678712306000,112
4240,1678712811000,110
4240,1678712811000,132
4241,1678712836000,107
4241,1678712836000,106
4242,1678713350000,101
4243,1678714328000,125
4244,1678714358000,107
4244,1678714358000,117
4244,1678714358000,120
4245,1678714544000,102
4245,1678714544000,108
4245,1678714544000,113
4245,1678714544000,130
4246,1678717774000,103
4247,1678718064000,108
4247,1678718064000,125
4247,1678718064000,113
4247,1678718064000,131
4248,1678719128000,107
4248,1678719128000,110
4249,1678719461000,110
4249,1678719461000,128
4250,1678720722000,107
4250,1678720722000,111
4251,1678721254000,127
4251,1678721254000,120
4251,1678721254000,106
4252,1678721467000,124
4253,1678724791000,106
4253,1678724791000,106
4254,1678726772000,108
4254,1678726772000,120
4254,1678726772000,132
4255,1678726939000,119
4256,1678727346000,129
4256,1678727346000,111
4257,1678727709000,101
4257,1678727709000,103
4257,1678727709000,105
4258,1678727877000,105
4259,1678728371000,107
4259,1678728371000,113
4260,1678728469000,105
4260,1678728469000,105
4261,1678729154000,101
4261,1678729154000,109
4261,1678729154000,113
4261,1678729154000,132
4262,1678729456000,126
4263,1678729686000,130
4263,1678729686000,106
4263,1678729686000,114
4264,1678729707000,108
4264,1678729707000,129
4264,1678729707000,111
4264,1678729707000,113
4265,1678730009000,107
4265,1678730009000,122
4266,1678730070000,101
4266,1678730070000,107
4266,1678730070000,106
4267,1678730876000,107
4267,1678730876000,102
4267,1678730876000,106
4268,1678732251000,108
4269,1678733094000,108
4269,1678733094000,117
4269,1678733094000,105
4269,1678733094000,NULL
4270,1678733289000,129
4270,1678733289000,112
4271,1678733639000,107
4271,1678733639000,115
4271,1678733639000,106
4272,1678734006000,119
4272,1678734006000,123
4273,1678734832000,129
4273,1678734832000,112
4273,1678734832000,113
4274,1678735445000,125
4275,1678735515000,104
4276,1678735579000,110
4276,1678735579000,117
4276,1678735579000,127
4276,1678735579000,131
4277,1678735736000,117
4277,1678735736000,127
4278,1678735924000,101
4278,1678735924000,106
4279,1678736126000,121
4279,1678736126000,132
4280,1678736582000,129
4281,1678736932000,120
4282,1678736939000,128
4282,1678736939000,106
4283,1678737635000,125
4283,1678737635000,109
4284,1678737696000,101
4284,1678737696000,106
4285,1678738056000,108
4285,1678738056000,110
4285,1678738056000,118
4285,1678738056000,130
4286,1678738162000,130
4287,1678738944000,107
4287,1678738944000,109
4288,1678739601000,107
4288,1678739601000,127
4288,1678739601000,130
4289,1678740446000,124
4289,1678740446000,117
4289,1678740446000,105
4290,1678740692000,113
4290,1678740692000,122
4290,1678740692000,131
4291,1678741158000,126
4291,1678741158000,114
4292,1678741373000,113
4292,1678741373000,131
4292,1678741373000,106
4292,1678741373000,NULL
4293,1678741949000,110
4294,1678742087000,101
4294,1678742087000,131
4295,1678743083000,107
4295,1678743083000,125
4295,1678743083000,113
4295,1678743083000,131
4296,1678744113000,123
4297,1678745181000,101
4297,1678745181000,102
4297,1678745181000,103
4297,1678745181000,131
4298,1678745897000,104
4298,1678745897000,110
4299,1678796205000,106
4300,1678796914000,101
4300,1678796914000,101
4300,1678796914000,116
4301,1678797784000,125
4301,1678797784000,111
4302,1678798074000,121
4303,1678798185000,102
4303,1678798185000,122
4304,1678798581000,126
4305,1678799360000,101
4305,1678799360000,102
4305,1678799360000,124
4305,1678799360000,127
4305,1678799360000,111
4305,1678799360000,112
4305,1678799360000,113
4305,1678799360000,119
4305,1678799360000,120
4305,1678799360000,121
4305,1678799360000,131
4305,1678799360000,106
4305,1678799360000,106
4305,1678799360000,132
4306,1678799783000,102
4306,1678799783000,129
4306,1678799783000,121
4306,1678799783000,114
4307,1678799975000,NULL
4308,1678800286000,126
4308,1678800286000,129
4309,1678801573000,125
4310,1678801677000,109
4310,1678801677000,111
4310,1678801677000,105
4310,1678801677000,122
4311,1678803132000,117
4311,1678803132000,129
4311,1678803132000,106
4312,1678804199000,102
4313,1678804468000,118
4314,1678804667000,112
4314,1678804667000,132
4314,1678804667000,132
4314,1678804667000,132
4315,1678807171000,125
4315,1678807171000,123
4316,1678808143000,124
4317,1678809039000,107
4317,1678809039000,103
4317,1678809039000,112
4318,1678810210000,120
4319,1678810240000,111
4319,1678810240000,131
4320,1678810930000,127
4320,1678810930000,111
4320,1678810930000,113
4321,1678811304000,123
4322,1678811686000,108
4322,1678811686000,110
4322,1678811686000,120
4323,1678811885000,111
4323,1678811885000,130
4324,1678812120000,114
4325,1678812273000,127
4325,1678812273000,120
4326,1678812634000,107
4326,1678812634000,122
4327,1678812876000,119
4328,1678815016000,120
4329,1678816153000,116
4329,1678816153000,120
4330,1678816248000,102
4330,1678816248000,108
4330,1678816248000,NULL
4331,1678816313000,125
4331,1678816313000,113
4332,1678816975000,101
4333,1678817939000,107
4333,1678817939000,131
4334,1678818994000,118
4335,1678819097000,129
4336,1678819257000,120
4337,1678819363000,109
4337,1678819363000,122
4338,1678819402000,122
4339,1678819481000,121
4340,1678819537000,116
4340,1678819537000,110
4341,1678820747000,112
4341,1678820747000,119
4342,1678822980000,117
4342,1678822980000,112
4342,1678822980000,118
4342,1678822980000,123
4343,1678823597000,109
4343,1678823597000,117
4343,1678823597000,111
4343,1678823597000,119
4344,1678824955000,112
4344,1678824955000,113
4345,1678825101000,102
4345,1678825101000,111
4345,1678825101000,114
4346,1678825218000,102
4346,1678825218000,106
4347,1678825904000,115
4348,1678826233000,132
4349,1678826821000,111
4350,1678827763000,102
4350,1678827763000,108
4350,1678827763000,124
4350,1678827763000,122
4351,1678827917000,101
4351,1678827917000,109
4351,1678827917000,117
4351,1678827917000,131
4352,1678828973000,107
4352,1678828973000,104
4353,1678829088000,127
4354,1678832599000,130
4354,1678832599000,NULL
4355,1678880406000,125
4356,1678880907000,101
4356,1678880907000,102
4356,1678880907000,111
4356,1678880907000,120
4357,1678880941000,101
4357,1678880941000,107
4357,1678880941000,109
4357,1678880941000,112
4358,1678882114000,108
4358,1678882114000,124
4358,1678882114000,113
4359,1678884171000,117
4359,1678884171000,111
4359,1678884171000,132
4360,1678885680000,117
4361,1678885706000,110
4362,1678887380000,116
4363,1678887703000,116
4363,1678887703000,125
4363,1678887703000,126
4363,1678887703000,109
4363,1678887703000,117
4363,1678887703000,113
4363,1678887703000,118
4363,1678887703000,131
4363,1678887703000,106
4363,1678887703000,114
4364,1678887812000,124
4364,1678887812000,125
4364,1678887812000,110
4364,1678887812000,117
4364,1678887812000,128
4364,1678887812000,129
4364,1678887812000,131
4364,1678887812000,106
4365,1678888525000,104
4365,1678888525000,132
4366,1678889544000,125
4367,1678889914000,102
4368,1678890585000,101
4369,1678892740000,113
4369,1678892740000,131
4370,1678894147000,110
4371,1678894954000,107
4371,1678894954000,124
4371,1678894954000,126
4372,1678895156000,107
4372,1678895156000,129
4372,1678895156000,113
4372,1678895156000,105
4373,1678895221000,107
4374,1678895291000,101
4375,1678896044000,107
4375,1678896044000,122
4375,1678896044000,130
4376,1678896198000,118
4376,1678896198000,120
4377,1678896476000,125
4377,1678896476000,120
4377,1678896476000,123
4378,1678896751000,121
4378,1678896751000,106
4379,1678896776000,129
4379,1678896776000,111
4379,1678896776000,113
4380,1678896897000,112
4380,1678896897000,131
4380,1678896897000,106
4381,1678897904000,110
4381,1678897904000,112
4381,1678897904000,120
4381,1678897904000,122
4382,1678898018000,103
4382,1678898018000,106
4383,1678898287000,115
4383,1678898287000,116
4383,1678898287000,114
4384,1678899427000,101
4384,1678899427000,121
4385,1678900418000,103
4385,1678900418000,108
4385,1678900418000,122
4385,1678900418000,122
4386,1678901407000,108
4386,1678901407000,111
4386,1678901407000,119
4387,1678903310000,129
4387,1678903310000,123
4388,1678904335000,122
4389,1678904892000,108
4389,1678904892000,114
4390,1678904929000,101
4390,1678904929000,106
4391,1678905320000,102
4391,1678905320000,126
4391,1678905320000,112
4391,1678905320000,106
4392,1678905880000,110
4392,1678905880000,132
4393,1678906117000,109
4393,1678906117000,131
4394,1678906568000,108
4394,1678906568000,111
4395,1678906932000,110
4395,1678906932000,130
4395,1678906932000,131
4396,1678909056000,101
4396,1678909056000,112
4396,1678909056000,119
4397,1678909743000,101
4397,1678909743000,101
4397,1678909743000,109
4398,1678910156000,106
4399,1678911574000,107
4400,1678913342000,110
4400,1678913342000,105
4400,1678913342000,132
4401,1678914196000,125
4401,1678914196000,106
4401,1678914196000,106
4402,1678915608000,109
4403,1678918667000,108
4403,1678918667000,109
4404,1678965496000,111
4404,1678965496000,122
4405,1678967719000,107
4405,1678967719000,110
4406,1678968269000,118
4406,1678968269000,119
4406,1678968269000,120
4407,1678968654000,132
4408,1678968716000,130
4409,1678968851000,118
4410,1678968947000,NULL
4411,1678969016000,113
4412,1678969081000,125
4412,1678969081000,112
4413,1678969420000,108
4414,1678969489000,108
4415,1678969582000,102
4416,1678970030000,124
4416,1678970030000,125
4416,1678970030000,118
4416,1678970030000,131
4416,1678970030000,114
4416,1678970030000,132
4417,1678970078000,112
4418,1678970907000,125
4419,1678972150000,104
4420,1678972370000,107
4420,1678972370000,105
4421,1678972403000,108
4422,1678972497000,101
4422,1678972497000,125
4422,1678972497000,109
4422,1678972497000,111
4422,1678972497000,111
4422,1678972497000,112
4422,1678972497000,119
4422,1678972497000,131
4422,1678972497000,106
4422,1678972497000,106
4422,1678972497000,114
4423,1678973145000,103
4423,1678973145000,104
4423,1678973145000,109
4423,1678973145000,109
4423,1678973145000,118
4423,1678973145000,131
4423,1678973145000,131
4424,1678973677000,124
4425,1678973974000,107
4425,1678973974000,110
4425,1678973974000,117
4425,1678973974000,121
4426,1678974341000,118
4426,1678974341000,122
4427,1678974705000,126
4428,1678975248000,111
4428,1678975248000,112
4428,1678975248000,119
4429,1678975620000,102
4430,1678978068000,122
4431,1678978557000,110
4432,1678978856000,107
4432,1678978856000,110
4432,1678978856000,105
4433,1678980988000,122
4434,1678982467000,132
4435,1678982527000,128
4436,1678982895000,117
4436,1678982895000,127
4437,1678983374000,128
4438,1678984222000,101
4438,1678984222000,107
4438,1678984222000,125
4439,1678985249000,102
4439,1678985249000,117
4439,1678985249000,131
4440,1678985261000,101
4440,1678985261000,119
4441,1678985839000,107
4441,1678985839000,103
4441,1678985839000,125
4441,1678985839000,109
4442,1678986277000,102
4442,1678986277000,125
4443,1678987647000,120
4444,1678987735000,108
4444,1678987735000,117
4444,1678987735000,113
4444,1678987735000,130
4445,1678988000000,124
4445,1678988000000,120
4445,1678988000000,132
4446,1678988110000,126
4447,1678988776000,101
4447,1678988776000,112
4447,1678988776000,113
4447,1678988776000,132
4448,1678988866000,131
4449,1678988956000,125
4449,1678988956000,109
4450,1678990594000,122
4451,1678990863000,126
4451,1678990863000,106
4452,1678991134000,114
4453,1678991280000,122
4454,1678991344000,102
4454,1678991344000,123
4455,1678991450000,101
4455,1678991450000,112
4455,1678991450000,NULL
4456,1678991600000,131
4456,1678991600000,131
4457,1678992094000,111
4457,1678992094000,113
4457,1678992094000,118
4457,1678992094000,106
4458,1678993347000,124
4458,1678993347000,110
4458,1678993347000,106
4459,1678993622000,122
4460,1678993715000,107
4460,1678993715000,116
4460,1678993715000,125
4460,1678993715000,129
4461,1678993934000,120
4462,1678994254000,114
4463,1678994872000,107
4463,1678994872000,105
4464,1678994918000,103
4464,1678994918000,105
4465,1678996048000,127
4466,1678996263000,102
4466,1678996263000,117
4467,1678998579000,110
4467,1678998579000,111
4467,1678998579000,123
4468,1679001203000,132
4469,1679006869000,104
4469,1679006869000,122
4469,1679006869000,132
4470,1679053242000,113
4470,1679053242000,120
4470,1679053242000,131
4471,1679053427000,107
4471,1679053427000,110
4471,1679053427000,131
4471,1679053427000,106
4472,1679054307000,110
4473,1679055499000,117
4474,1679056403000,101
4474,1679056403000,117
4475,1679057760000,121
4476,1679057974000,118
4477,1679058190000,101
4477,1679058190000,107
4477,1679058190000,105
4477,1679058190000,122
4478,1679058789000,116
4478,1679058789000,126
4478,1679058789000,131
4478,1679058789000,114
4479,1679060000000,107
4479,1679060000000,103
4479,1679060000000,125
4479,1679060000000,126
4479,1679060000000,129
4479,1679060000000,111
4479,1679060000000,121
4479,1679060000000,105
4479,1679060000000,131
4479,1679060000000,106
4480,1679060489000,101
4481,1679060778000,108
4482,1679061458000,102
4482,1679061458000,108
4482,1679061458000,125
4482,1679061458000,109
4482,1679061458000,117
4482,1679061458000,117
4482,1679061458000,129
4482,1679061458000,111
4482,1679061458000,118
4482,1679061458000,120
4482,1679061458000,120
4482,1679061458000,105
4482,1679061458000,NULL
4482,1679061458000,132
4483,1679062466000,108
4484,1679062959000,101
4484,1679062959000,123
4485,1679063410000,117
4485,1679063410000,128
4486,1679063562000,103
4487,1679064079000,116
4487,1679064079000,102
4487,1679064079000,105
4487,1679064079000,131
4488,1679065043000,108
4488,1679065043000,125
4488,1679065043000,109
4488,1679065043000,110
4489,1679066801000,120
4489,1679066801000,106
4490,1679067321000,111
4491,1679067480000,102
4491,1679067480000,117
4492,1679068100000,101
4492,1679068100000,121
4493,1679069141000,121
4493,1679069141000,131
4494,1679069260000,122
4494,1679069260000,132
4495,1679069397000,109
4495,1679069397000,122
4496,1679069733000,101
4496,1679069733000,109
4496,1679069733000,117
4496,1679069733000,118
4497,1679069845000,120
4498,1679070165000,104
4498,1679070165000,NULL
4499,1679070793000,127
4499,1679070793000,120
4500,1679071503000,101
4500,1679071503000,106
4501,1679071722000,104
4501,1679071722000,125
4501,1679071722000,109
4502,1679071812000,128
4502,1679071812000,112
4503,1679072616000,127
4503,1679072616000,113
4504,1679072665000,124
4504,1679072665000,106
4505,1679073464000,101
4505,1679073464000,125
4505,1679073464000,109
4506,1679073514000,108
4506,1679073514000,109
4506,1679073514000,119
4507,1679073902000,101
4507,1679073902000,130
4507,1679073902000,132
4508,1679074065000,129
4508,1679074065000,130
4509,1679074170000,113
4510,1679075673000,124
4510,1679075673000,125
4510,1679075673000,127
4510,1679075673000,118
4511,1679075833000,108
4511,1679075833000,117
4511,1679075833000,105
4512,1679076339000,130
4512,1679076339000,130
4513,1679077251000,102
4513,1679077251000,125
4513,1679077251000,109
4513,1679077251000,118
4514,1679077757000,107
4514,1679077757000,119
4515,1679078113000,120
4515,1679078113000,105
4516,1679079542000,109
4517,1679079653000,101
4518,1679079988000,103
4518,1679079988000,123
4519,1679080435000,119
4520,1679080693000,104
4520,1679080693000,112
4520,1679080693000,105
4521,1679080723000,112
4521,1679080723000,131
4521,1679080723000,132
4522,1679080871000,107
4523,1679081272000,108
4524,1679081694000,118
4524,1679081694000,119
4525,1679081719000,107
4525,1679081719000,126
4525,1679081719000,113
4525,1679081719000,131
4526,1679081868000,128
4526,1679081868000,119
4527,1679082598000,107
4527,1679082598000,117
4527,1679082598000,113
4527,1679082598000,123
4528,1679082637000,125
4528,1679082637000,113
4529,1679082828000,101
4529,1679082828000,NULL
4530,1679083105000,109
4531,1679083936000,101
4531,1679083936000,113
4532,1679084694000,102
4532,1679084694000,120
4532,1679084694000,122
4533,1679084753000,124
4533,1679084753000,129
4533,1679084753000,106
4533,1679084753000,114
4534,1679085920000,110
4534,1679085920000,120
4534,1679085920000,131
4535,1679086188000,125
4536,1679087200000,125
4537,1679087357000,118
4537,1679087357000,123
4538,1679088690000,101
4538,1679088690000,107
4538,1679088690000,122
4539,1679088871000,117
4539,1679088871000,112
4540,1679090339000,129
4540,1679090339000,119
4541,1679139266000,102
4541,1679139266000,NULL
4542,1679139475000,131
4543,1679141206000,115
4543,1679141206000,127
4544,1679141332000,127
4544,1679141332000,112
4544,1679141332000,118
4545,1679141378000,107
4546,1679141572000,104
4546,1679141572000,118
4547,1679141578000,114
4548,1679142584000,108
4548,1679142584000,113
4548,1679142584000,122
4548,1679142584000,132
4549,1679142660000,118
4550,1679143518000,101
4550,1679143518000,106
4551,1679143682000,101
4552,1679143824000,127
4552,1679143824000,105
4553,1679143830000,104
4554,1679144016000,112
4555,1679144873000,109
4555,1679144873000,109
4555,1679144873000,127
4555,1679144873000,118
4555,1679144873000,105
4555,1679144873000,122
4555,1679144873000,122
4555,1679144873000,106
4556,1679144997000,127
4556,1679144997000,105
4557,1679145873000,108
4558,1679145912000,NULL
4559,1679145963000,102
4560,1679146438000,108
4560,1679146438000,129
4560,1679146438000,122
4561,1679146636000,101
4562,1679147129000,111
4562,1679147129000,119
4563,1679148190000,109
4563,1679148190000,128
4563,1679148190000,132
4564,1679148958000,111
4565,1679149335000,116
4565,1679149335000,132
4566,1679151553000,116
4566,1679151553000,108
4566,1679151553000,123
4567,1679154290000,107
4567,1679154290000,113
4568,1679156389000,101
4568,1679156389000,106
4569,1679156872000,101
4569,1679156872000,125
4570,1679158940000,119
4571,1679159584000,109
4572,1679160190000,101
4572,1679160190000,119
4573,1679160284000,102
4573,1679160284000,124
4573,1679160284000,106
4574,1679160426000,123
4575,1679160438000,109
4575,1679160438000,132
4576,1679160649000,102
4576,1679160649000,126
4576,1679160649000,122
4576,1679160649000,106
4577,1679161880000,106
4578,1679162342000,101
4578,1679162342000,109
4579,1679162672000,104
4579,1679162672000,122
4580,1679163073000,109
4580,1679163073000,109
4580,1679163073000,128
4581,1679163320000,105
4582,1679164077000,115
4582,1679164077000,108
4582,1679164077000,120
4583,1679164643000,107
4583,1679164643000,128
4584,1679165730000,118
4584,1679165730000,131
4585,1679166056000,126
4586,1679166119000,131
4587,1679167825000,126
4587,1679167825000,114
4588,1679168581000,107
4589,1679169455000,107
4589,1679169455000,109
4589,1679169455000,130
4589,1679169455000,123
4590,1679169785000,101
4590,1679169785000,122
4591,1679169882000,108
4591,1679169882000,117
4591,1679169882000,112
4591,1679169882000,121
4592,1679169946000,114
4593,1679170090000,132
4594,1679170748000,122
4595,1679172098000,111
4596,1679172132000,125
4596,1679172132000,113
4597,1679172348000,115
4597,1679172348000,109
4597,1679172348000,106
4598,1679173540000,120
4599,1679174029000,120
4600,1679175326000,110
4601,1679178471000,124
4602,1679178491000,101
4602,1679178491000,108
4602,1679178491000,109
4603,1679225049000,101
4603,1679225049000,103
4603,1679225049000,121
4603,1679225049000,106
4603,1679225049000,114
4604,1679225227000,115
4604,1679225227000,127
4605,1679225464000,118
4606,1679226023000,123
4607,1679226057000,117
4607,1679226057000,111
4608,1679226356000,103
4608,1679226356000,108
4608,1679226356000,117
4608,1679226356000,127
4609,1679227336000,118
4610,1679228414000,113
4611,1679228764000,102
4611,1679228764000,104
4611,1679228764000,108
4611,1679228764000,108
4611,1679228764000,129
4611,1679228764000,113
4611,1679228764000,121
4611,1679228764000,121
4611,1679228764000,122
4611,1679228764000,106
4611,1679228764000,114
4612,1679228864000,131
4613,1679230649000,131
4614,1679230967000,109
4615,1679231095000,116
4615,1679231095000,131
4616,1679231204000,131
4617,1679231662000,101
4617,1679231662000,107
4617,1679231662000,108
4617,1679231662000,125
4618,1679231886000,113
4619,1679232111000,103
4619,1679232111000,113
4619,1679232111000,132
4620,1679233031000,118
4621,1679233152000,117
4621,1679233152000,117
4621,1679233152000,113
4621,1679233152000,123
4622,1679236305000,111
4622,1679236305000,132
4623,1679236904000,101
4623,1679236904000,101
4623,1679236904000,107
4623,1679236904000,115
4623,1679236904000,126
4623,1679236904000,109
4623,1679236904000,112
4623,1679236904000,118
4623,1679236904000,120
4623,1679236904000,121
4623,1679236904000,105
4623,1679236904000,106
4623,1679236904000,NULL
4624,1679237975000,119
4625,1679240550000,101
4625,1679240550000,103
4625,1679240550000,119
4625,1679240550000,106
4626,1679240701000,102
4627,1679241863000,108
4627,1679241863000,118
4628,1679242591000,109
4628,1679242591000,129
4628,1679242591000,118
4629,1679243070000,109
4629,1679243070000,120
4630,1679244679000,101
4630,1679244679000,108
4630,1679244679000,109
4630,1679244679000,122
4631,1679246417000,117
4631,1679246417000,131
4632,1679246731000,107
4632,1679246731000,110
4633,1679246909000,130
4634,1679247879000,110
4634,1679247879000,111
4634,1679247879000,118
4635,1679247958000,107
4635,1679247958000,108
4636,1679248710000,117
4636,1679248710000,119
4637,1679249067000,103
4637,1679249067000,130
4638,1679249908000,120
4638,1679249908000,105
4639,1679249956000,124
4639,1679249956000,125
4639,1679249956000,110
4640,1679250946000,104
4641,1679251031000,102
4641,1679251031000,129
4642,1679252706000,102
4642,1679252706000,104
4642,1679252706000,128
4642,1679252706000,129
4643,1679253113000,120
4643,1679253113000,105
4644,1679253516000,128
4644,1679253516000,112
4644,1679253516000,120
4644,1679253516000,106
4645,1679253662000,101
4645,1679253662000,107
4645,1679253662000,108
4645,1679253662000,125
4646,1679253764000,116
4646,1679253764000,117
4646,1679253764000,118
4647,1679254607000,102
4647,1679254607000,126
4648,1679254810000,127
4648,1679254810000,121
4649,1679254983000,124
4650,1679255295000,104
4650,1679255295000,108
4651,1679255720000,101
4651,1679255720000,125
4651,1679255720000,121
4651,1679255720000,123
4652,1679255831000,119
4652,1679255831000,105
4653,1679257005000,103
4653,1679257005000,117
4654,1679257392000,107
4655,1679257829000,128
4655,1679257829000,NULL
4656,1679258613000,125
4656,1679258613000,130
4657,1679258888000,125
4658,1679261657000,106
4659,1679262839000,108
4659,1679262839000,124
4660,1679264041000,126
4661,1679312010000,104
4661,1679312010000,109
4661,1679312010000,105
4661,1679312010000,131
4662,1679312873000,124
4662,1679312873000,130
4662,1679312873000,123
4663,1679314323000,122
4664,1679315084000,101
4664,1679315084000,117
4664,1679315084000,113
4664,1679315084000,121
4665,1679315979000,103
4665,1679315979000,108
4665,1679315979000,124
4665,1679315979000,125
4665,1679315979000,112
4665,1679315979000,106
4666,1679316013000,101
4666,1679316013000,102
4667,1679316776000,102
4667,1679316776000,126
4667,1679316776000,113
4667,1679316776000,122
4667,1679316776000,130
4667,1679316776000,131
4667,1679316776000,123
4668,1679316817000,119
4668,1679316817000,132
4669,1679316955000,102
4669,1679316955000,110
4669,1679316955000,117
4669,1679316955000,111
4669,1679316955000,113
4670,1679316961000,116
4670,1679316961000,130
4670,1679316961000,106
4671,1679317359000,129
4671,1679317359000,131
4671,1679317359000,106
4672,1679317767000,132
4673,1679318291000,101
4673,1679318291000,110
4673,1679318291000,113
4674,1679318827000,118
4675,1679318830000,111
4675,1679318830000,112
4676,1679318906000,109
4677,1679319816000,124
4678,1679320335000,119
4679,1679321023000,102
4680,1679321345000,105
4681,1679321984000,113
4681,1679321984000,105
4682,1679324310000,113
4683,1679324624000,101
4683,1679324624000,108
4684,1679326810000,105
4685,1679326829000,124
4685,1679326829000,131
4686,1679327936000,102
4686,1679327936000,112
4687,1679331107000,120
4687,1679331107000,105
4688,1679331175000,117
4689,1679331266000,110
4689,1679331266000,106
4690,1679331826000,107
4690,1679331826000,106
4691,1679331989000,126
4692,1679333737000,112
4692,1679333737000,105
4692,1679333737000,132
4693,1679333874000,111
4693,1679333874000,118
4693,1679333874000,106
4694,1679333913000,124
4694,1679333913000,131
4695,1679335471000,125
4695,1679335471000,109
4696,1679335814000,102
4697,1679336679000,111
4697,1679336679000,122
4698,1679336987000,111
4698,1679336987000,105
4698,1679336987000,106
4698,1679336987000,132
4699,1679337892000,108
4699,1679337892000,112
4700,1679338155000,112
4701,1679338172000,116
4701,1679338172000,124
4702,1679338487000,103
4702,1679338487000,132
4703,1679338491000,126
4703,1679338491000,117
4703,1679338491000,113
4703,1679338491000,122
4704,1679338863000,109
4705,1679339232000,102
4706,1679339781000,104
4706,1679339781000,110
4706,1679339781000,119
4706,1679339781000,130
4707,1679340429000,131
4707,1679340429000,132
4708,1679340715000,127
4708,1679340715000,128
4708,1679340715000,129
4709,1679340841000,102
4709,1679340841000,108
4710,1679341829000,110
4710,1679341829000,105
4710,1679341829000,106
4711,1679341959000,101
4711,1679341959000,107
4711,1679341959000,108
4711,1679341959000,111
4712,1679342207000,101
4713,1679342913000,125
4714,1679342926000,129
4715,1679343404000,125
4715,1679343404000,125
4715,1679343404000,109
4716,1679344402000,108
4716,1679344402000,125
4716,1679344402000,109
4717,1679345806000,122
4718,1679346677000,124
4719,1679347316000,103
4720,1679347694000,125
4720,1679347694000,122
4721,1679348277000,122
4721,1679348277000,131
4722,1679348993000,108
4722,1679348993000,125
4722,1679348993000,119
4722,1679348993000,105
4723,1679349130000,101
4723,1679349130000,110
4723,1679349130000,120
4723,1679349130000,122
4724,1679350149000,101
4725,1679350800000,111
4725,1679350800000,118
4725,1679350800000,105
4726,1679351333000,102
4726,1679351333000,104
4727,1679398299000,101
4727,1679398299000,113
4727,1679398299000,118
4728,1679399339000,103
4728,1679399339000,112
4728,1679399339000,105
4729,1679399783000,107
4729,1679399783000,108
4730,1679402430000,101
4730,1679402430000,115
4730,1679402430000,125
4730,1679402430000,127
4731,1679403012000,103
4732,1679403735000,101
4732,1679403735000,107
4732,1679403735000,116
4732,1679403735000,102
4732,1679403735000,102
4732,1679403735000,124
4732,1679403735000,125
4732,1679403735000,117
4732,1679403735000,117
4732,1679403735000,129
4732,1679403735000,113
4732,1679403735000,114
4733,1679404111000,107
4733,1679404111000,102
4733,1679404111000,131
4734,1679404235000,113
4735,1679404832000,127
4735,1679404832000,120
4735,1679404832000,123
4735,1679404832000,106
4735,1679404832000,132
4736,1679405705000,109
4737,1679405873000,107
4738,1679406627000,130
4739,1679407004000,130
4740,1679407567000,102
4740,1679407567000,127
4740,1679407567000,112
4740,1679407567000,105
4741,1679407569000,117
4741,1679407569000,106
4741,1679407569000,114
4741,1679407569000,114
4742,1679407603000,108
4742,1679407603000,126
4742,1679407603000,109
4742,1679407603000,120
4743,1679408262000,121
4744,1679408357000,122
4745,1679408486000,113
4746,1679409097000,102
4746,1679409097000,102
4746,1679409097000,124
4746,1679409097000,NULL
4747,1679409502000,102
4747,1679409502000,106
4748,1679409636000,131
4749,1679410014000,109
4749,1679410014000,109
4750,1679411846000,108
4750,1679411846000,111
4750,1679411846000,122
4751,1679412115000,121
4751,1679412115000,132
4752,1679414739000,120
4753,1679415145000,122
4754,1679416134000,107
4755,1679416827000,124
4755,1679416827000,118
4755,1679416827000,119
4755,1679416827000,120
4756,1679417503000,124
4756,1679417503000,132
4757,1679417537000,104
4758,1679418440000,127
4759,1679418515000,109
4759,1679418515000,117
4759,1679418515000,NULL
4760,1679419592000,102
4760,1679419592000,127
4760,1679419592000,112
4761,1679422258000,115
4761,1679422258000,113
4761,1679422258000,105
4761,1679422258000,NULL
4762,1679423955000,130
4763,1679424241000,109
4763,1679424241000,122
4763,1679424241000,114
4764,1679424720000,124
4764,1679424720000,105
4764,1679424720000,122
4765,1679424829000,108
4765,1679424829000,109
4766,1679425491000,109
4766,1679425491000,120
4767,1679426415000,129
4767,1679426415000,105
4767,1679426415000,122
4767,1679426415000,106
4768,1679427121000,117
4768,1679427121000,113
4768,1679427121000,119
4768,1679427121000,105
4769,1679427664000,110
4770,1679427676000,120
4770,1679427676000,106
4771,1679428187000,124
4771,1679428187000,117
4771,1679428187000,121
4771,1679428187000,106
4772,1679428421000,101
4772,1679428421000,120
4773,1679429092000,106
4774,1679429685000,109
4775,1679429709000,129
4775,1679429709000,120
4775,1679429709000,114
4775,1679429709000,132
4776,1679429727000,102
4776,1679429727000,106
4777,1679430951000,109
4777,1679430951000,129
4778,1679431120000,105
4779,1679434531000,105
4779,1679434531000,114
4780,1679435222000,129
4781,1679435892000,105
4782,1679436937000,113
4782,1679436937000,113
4782,1679436937000,130
4783,1679486490000,119
4783,1679486490000,131
4783,1679486490000,106
4784,1679487834000,132
4785,1679488306000,122
4786,1679489696000,108
4786,1679489696000,124
4787,1679490097000,118
4788,1679491610000,114
4789,1679493387000,115
4789,1679493387000,108
4789,1679493387000,108
4789,1679493387000,125
4789,1679493387000,117
4789,1679493387000,113
4789,1679493387000,113
4789,1679493387000,118
4790,1679493467000,124
4791,1679495124000,113
4791,1679495124000,120
4792,1679496170000,114
4793,1679496998000,102
4793,1679496998000,111
4794,1679500466000,102
4794,1679500466000,132
4795,1679500889000,108
4795,1679500889000,118
4795,1679500889000,120
4796,1679501389000,107
4797,1679501789000,104
4797,1679501789000,113
4798,1679502093000,116
4798,1679502093000,126
4798,1679502093000,130
4799,1679502755000,102
4799,1679502755000,125
4800,1679503795000,132
4801,1679504928000,101
4801,1679504928000,107
4801,1679504928000,118
4801,1679504928000,123
4802,1679506633000,106
4803,1679507414000,109
4804,1679507540000,109
4804,1679507540000,127
4805,1679508630000,115
4805,1679508630000,132
4806,1679508861000,103
4806,1679508861000,108
4806,1679508861000,125
4806,1679508861000,117
4807,1679509571000,104
4807,1679509571000,125
4808,1679511455000,103
4808,1679511455000,109
4808,1679511455000,109
4809,1679512715000,124
4809,1679512715000,128
4809,1679512715000,129
4809,1679512715000,118
4810,1679513008000,115
4810,1679513008000,120
4810,1679513008000,130
4811,1679513694000,111
4811,1679513694000,114
4812,1679513748000,113
4813,1679514774000,114
4814,1679517011000,128
4815,1679518366000,101
4815,1679518366000,127
4816,1679518527000,117
4817,1679519281000,104
4817,1679519281000,128
4818,1679520684000,119
4819,1679522311000,131
4819,1679522311000,106
4820,1679570302000,129
4821,1679570632000,109
4821,1679570632000,113
4821,1679570632000,123
4822,1679571108000,108
4822,1679571108000,120
4822,1679571108000,121
4822,1679571108000,121
4823,1679571501000,118
4824,1679571600000,105
4825,1679572092000,101
4825,1679572092000,108
4825,1679572092000,128
4825,1679572092000,106
4826,1679572618000,109
4827,1679573058000,113
4828,1679573412000,101
4829,1679573641000,101
4829,1679573641000,105
4830,1679575225000,102
4830,1679575225000,108
4830,1679575225000,122
4831,1679575570000,103
4832,1679575645000,118
4833,1679575793000,127
4834,1679575884000,103
4835,1679576141000,124
4835,1679576141000,129
4836,1679576269000,101
4836,1679576269000,104
4836,1679576269000,108
4836,1679576269000,124
4836,1679576269000,126
4836,1679576269000,109
4836,1679576269000,117
4836,1679576269000,127
4836,1679576269000,128
4836,1679576269000,113
4836,1679576269000,120
4836,1679576269000,105
4836,1679576269000,130
4837,1679576696000,101
4837,1679576696000,120
4838,1679577244000,101
4838,1679577244000,101
4838,1679577244000,102
4838,1679577244000,103
4838,1679577244000,108
4838,1679577244000,113
4838,1679577244000,106
4838,1679577244000,NULL
4839,1679578784000,118
4840,1679578978000,103
4840,1679578978000,109
4841,1679579124000,125
4841,1679579124000,111
4841,1679579124000,112
4841,1679579124000,119
4841,1679579124000,131
4841,1679579124000,123
4842,1679579982000,118
4843,1679580230000,109
4843,1679580230000,120
4844,1679582924000,117
4845,1679585417000,113
4845,1679585417000,105
4846,1679585474000,124
4846,1679585474000,128
4846,1679585474000,112
4846,1679585474000,120
4847,1679587732000,108
4848,1679588298000,124
4849,1679589024000,125
4850,1679589047000,101
4850,1679589047000,104
4850,1679589047000,108
4850,1679589047000,120
4851,1679589412000,126
4852,1679589698000,116
4853,1679590723000,104
4854,1679590989000,125
4854,1679590989000,129
4855,1679591302000,NULL
4856,1679591392000,122
4857,1679591442000,101
4857,1679591442000,108
4857,1679591442000,127
4857,1679591442000,131
4858,1679592036000,110
4858,1679592036000,119
4859,1679592636000,103
4859,1679592636000,108
4859,1679592636000,105
4860,1679593249000,113
4860,1679593249000,123
4861,1679594380000,101
4861,1679594380000,118
4862,1679595110000,112
4863,1679595492000,111
4863,1679595492000,112
4864,1679597425000,130
4864,1679597425000,123
4865,1679597885000,121
4865,1679597885000,132
4866,1679599218000,109
4866,1679599218000,118
4867,1679599269000,132
4868,1679600380000,103
4868,1679600380000,111
4869,1679600620000,126
4869,1679600620000,118
4869,1679600620000,122
4870,1679601049000,125
4871,1679601240000,102
4871,1679601240000,110
4871,1679601240000,129
4872,1679602151000,124
4872,1679602151000,109
4873,1679603139000,105
4874,1679603504000,106
4875,1679604917000,107
4875,1679604917000,116
4875,1679604917000,113
4876,1679605654000,105
4877,1679609132000,102
4877,1679609132000,112
4878,1679609524000,119
4879,1679609946000,107
4879,1679609946000,124
4880,1679611158000,109
4880,1679611158000,129
4881,1679656600000,107
4881,1679656600000,105
4881,1679656600000,131
4881,1679656600000,106
4882,1679656832000,102
4883,1679658286000,118
4884,1679658315000,104
4885,1679659035000,113
4886,1679659225000,125
4886,1679659225000,118
4887,1679659440000,107
4887,1679659440000,105
4887,1679659440000,132
4888,1679660354000,106
4889,1679660483000,101
4890,1679660776000,108
4891,1679660801000,102
4891,1679660801000,103
4891,1679660801000,104
4891,1679660801000,105
4892,1679662145000,116
4892,1679662145000,125
4892,1679662145000,109
4893,1679662406000,108
4893,1679662406000,125
4893,1679662406000,117
4893,1679662406000,129
4893,1679662406000,120
4893,1679662406000,131
4893,1679662406000,106
4893,1679662406000,106
4894,1679662469000,116
4894,1679662469000,103
4895,1679662623000,117
4896,1679663131000,130
4897,1679663483000,109
4898,1679664178000,105
4899,1679667251000,109
4899,1679667251000,113
4900,1679668086000,122
4900,1679668086000,106
4901,1679668921000,129
4901,1679668921000,111
4901,1679668921000,120
4902,1679671893000,112
4902,1679671893000,119
4902,1679671893000,105
4903,1679673440000,101
4903,1679673440000,122
4904,1679673610000,106
4905,1679674047000,108
4905,1679674047000,118
4906,1679675158000,107
4906,1679675158000,120
4906,1679675158000,106
4907,1679675296000,102
4907,1679675296000,124
4907,1679675296000,113
4908,1679675665000,129
4908,1679675665000,129
4909,1679675977000,105
4910,1679676189000,121
4911,1679676608000,103
4911,1679676608000,118
4911,1679676608000,106
4911,1679676608000,106
4912,1679677125000,107
4912,1679677125000,111
4912,1679677125000,132
4913,1679677495000,117
4914,1679677669000,NULL
4915,1679677711000,101
4915,1679677711000,112
4916,1679677838000,107
4917,1679678889000,108
4918,1679679218000,101
4919,1679679557000,117
4919,1679679557000,119
4919,1679679557000,106
4920,1679679564000,125
4920,1679679564000,117
4921,1679680752000,120
4921,1679680752000,106
4922,1679681444000,115
4922,1679681444000,113
4923,1679683734000,124
4924,1679683986000,120
4924,1679683986000,114
4925,1679684227000,125
4925,1679684227000,106
4926,1679684407000,120
4927,1679686711000,115
4927,1679686711000,125
4927,1679686711000,114
4927,1679686711000,132
4928,1679687055000,110
4928,1679687055000,122
4928,1679687055000,NULL
4929,1679687379000,117
4929,1679687379000,113
4930,1679687864000,124
4930,1679687864000,123
4930,1679687864000,114
4931,1679688063000,101
4931,1679688063000,107
4932,1679689211000,117
4932,1679689211000,129
4933,1679689977000,101
4933,1679689977000,129
4933,1679689977000,122
4934,1679690272000,125
4935,1679691365000,102
4935,1679691365000,125
4935,1679691365000,127
4936,1679691977000,120
4937,1679695434000,108
4937,1679695434000,110
4938,1679696042000,107
4938,1679696042000,108
4938,1679696042000,110
4938,1679696042000,120
4939,1679696417000,109
4939,1679696417000,118
4939,1679696417000,119
4939,1679696417000,120
4940,1679696425000,110
4940,1679696425000,131
4940,1679696425000,132
4941,1679743976000,111
4942,1679744274000,101
4942,1679744274000,107
4942,1679744274000,112
4942,1679744274000,106
4943,1679745189000,127
4944,1679745230000,103
4945,1679745640000,110
4946,1679745983000,121
4946,1679745983000,130
4947,1679746152000,116
4947,1679746152000,109
4948,1679746302000,106
4949,1679746842000,125
4950,1679746929000,115
4950,1679746929000,108
4950,1679746929000,125
4951,1679748073000,102
4951,1679748073000,108
4951,1679748073000,125
4951,1679748073000,121
4952,1679748192000,102
4953,1679749256000,122
4954,1679749378000,128
4954,1679749378000,119
4955,1679749857000,108
4955,1679749857000,112
4955,1679749857000,121
4955,1679749857000,130
4955,1679749857000,123
4955,1679749857000,106
4956,1679750778000,108
4956,1679750778000,122
4957,1679751264000,118
4958,1679751397000,108
4959,1679752165000,105
4960,1679752728000,113
4961,1679752903000,120
4962,1679754884000,112
4962,1679754884000,NULL
4963,1679756246000,118
4964,1679758949000,102
4964,1679758949000,119
4965,1679760749000,104
4965,1679760749000,131
4966,1679762627000,108
4967,1679763762000,107
4967,1679763762000,125
4967,1679763762000,120
4968,1679764065000,107
4968,1679764065000,121
4968,1679764065000,105
4968,1679764065000,132
4969,1679764414000,104
4969,1679764414000,104
4969,1679764414000,129
4970,1679765527000,125
4970,1679765527000,110
4970,1679765527000,120
4970,1679765527000,122
4971,1679765870000,104
4971,1679765870000,122
4971,1679765870000,132
4971,1679765870000,132
4972,1679766185000,124
4972,1679766185000,117
4972,1679766185000,117
4973,1679766541000,102
4973,1679766541000,120
4974,1679767155000,102
4974,1679767155000,109
4974,1679767155000,128
4975,1679767554000,124
4976,1679767877000,109
4977,1679768435000,101
4977,1679768435000,102
4977,1679768435000,113
4978,1679769312000,101
4978,1679769312000,129
4978,1679769312000,122
4979,1679770621000,101
4979,1679770621000,125
4979,1679770621000,119
4979,1679770621000,121
4980,1679770959000,127
4980,1679770959000,120
4981,1679771521000,130
4981,1679771521000,131
4981,1679771521000,106
4982,1679772116000,106
4983,1679773171000,120
4983,1679773171000,121
4983,1679773171000,123
4984,1679773953000,124
4984,1679773953000,120
4985,1679774401000,129
4986,1679774798000,117
4987,1679776453000,103
4987,1679776453000,109
4987,1679776453000,128
4988,1679777096000,102
4988,1679777096000,128
4988,1679777096000,112
4989,1679777658000,102
4990,1679778140000,105
4991,1679778559000,101
4991,1679778559000,111
4992,1679778688000,113
4992,1679778688000,118
4993,1679778833000,121
4994,1679779607000,109
4994,1679779607000,113
4995,1679779617000,117
4995,1679779617000,113
4996,1679782606000,127
4997,1679829779000,109
4998,1679830472000,125
4999,1679830626000,108
4999,1679830626000,109
5000,1679830663000,116
5000,1679830663000,109
5001,1679831042000,104
5002,1679831188000,101
5002,1679831188000,113
5003,1679831445000,104
5003,1679831445000,108
5003,1679831445000,118
5003,1679831445000,120
5004,1679832055000,112
5005,1679833093000,119
5006,1679833479000,128
5006,1679833479000,132
5007,1679834284000,113
5008,1679834374000,115
5008,1679834374000,113
5009,1679834757000,103
5009,1679834757000,105
5010,1679834882000,106
5011,1679835344000,101
5011,1679835344000,113
5011,1679835344000,121
5011,1679835344000,105
5011,1679835344000,122
5012,1679836354000,130
5013,1679836463000,102
5013,1679836463000,117
5013,1679836463000,129
5013,1679836463000,120
5014,1679837684000,130
5015,1679837754000,110
5015,1679837754000,121
5016,1679838826000,129
5017,1679839124000,107
5017,1679839124000,116
5017,1679839124000,102
5017,1679839124000,108
5017,1679839124000,108
5017,1679839124000,110
5017,1679839124000,117
5017,1679839124000,129
5017,1679839124000,120
5017,1679839124000,106
5017,1679839124000,106
5017,1679839124000,114
5018,1679839569000,122
5019,1679839951000,101
5019,1679839951000,104
5019,1679839951000,109
5019,1679839951000,121
5020,1679840157000,102
5021,1679840580000,101
5021,1679840580000,127
5022,1679840617000,102
5022,1679840617000,122
5022,1679840617000,131
5023,1679841433000,116
5023,1679841433000,102
5024,1679841647000,125
5024,1679841647000,105
5025,1679842440000,117
5026,1679843767000,103
5026,1679843767000,118
5027,1679845035000,127
5028,1679845609000,115
5028,1679845609000,120
5029,1679846120000,111
5030,1679846998000,104
5030,1679846998000,125
5030,1679846998000,105
5030,1679846998000,106
5031,1679847467000,127
5031,1679847467000,NULL
5032,1679847657000,109
5032,1679847657000,105
5033,1679848233000,116
5033,1679848233000,119
5034,1679849513000,108
5034,1679849513000,109
5034,1679849513000,128
5034,1679849513000,121
5035,1679850018000,122
5036,1679850608000,102
5036,1679850608000,124
5036,1679850608000,109
5036,1679850608000,113
5037,1679850613000,122
5038,1679850725000,110
5038,1679850725000,111
5039,1679851805000,109
5039,1679851805000,121
5039,1679851805000,122
5040,1679852427000,107
5041,1679852580000,113
5042,1679853015000,101
5043,1679853308000,127
5044,1679853483000,104
5044,1679853483000,112
5045,1679854375000,108
5046,1679854656000,102
5047,1679854988000,101
5047,1679854988000,103
5048,1679855693000,108
5048,1679855693000,113
5048,1679855693000,105
5048,1679855693000,106
5049,1679856021000,109
5050,1679856315000,126
5050,1679856315000,110
5050,1679856315000,123
5051,1679856561000,102
5051,1679856561000,119
5052,1679856821000,107
5053,1679856986000,107
5054,1679859346000,117
5055,1679860296000,107
5055,1679860296000,106
5056,1679860913000,101
5056,1679860913000,119
5056,1679860913000,121
5056,1679860913000,105
5057,1679861287000,109
5057,1679861287000,128
5057,1679861287000,131
5057,1679861287000,106
5058,1679862074000,107
5058,1679862074000,126
5058,1679862074000,131
5059,1679862319000,109
5059,1679862319000,110
5060,1679863496000,129
5061,1679865825000,105
5062,1679917769000,109
5063,1679917810000,122
5063,1679917810000,106
5063,1679917810000,114
5064,1679918307000,103
5065,1679918825000,114
5066,1679919659000,116
5066,1679919659000,102
5066,1679919659000,110
5066,1679919659000,117
5066,1679919659000,117
5066,1679919659000,129
5066,1679919659000,111
5066,1679919659000,113
5066,1679919659000,120
5066,1679919659000,120
5066,1679919659000,105
5066,1679919659000,131
5066,1679919659000,132
5067,1679919977000,109
5068,1679920180000,126
5068,1679920180000,123
5069,1679920181000,108
5070,1679920503000,122
5071,1679921268000,108
5071,1679921268000,120
5071,1679921268000,122
5072,1679921636000,120
5073,1679921792000,124
5074,1679922306000,119
5075,1679922495000,108
5075,1679922495000,117
5076,1679922732000,125
5076,1679922732000,110
5076,1679922732000,131
5077,1679923278000,102
5077,1679923278000,111
5077,1679923278000,120
5077,1679923278000,120
5078,1679923877000,130
5079,1679924503000,124
5079,1679924503000,127
5079,1679924503000,121
5079,1679924503000,105
5080,1679924615000,102
5080,1679924615000,126
5080,1679924615000,113
5080,1679924615000,118
5080,1679924615000,105
5080,1679924615000,122
5080,1679924615000,132
5081,1679925575000,110
5082,1679926952000,130
5083,1679927581000,121
5084,1679927610000,119
5085,1679929033000,109
5085,1679929033000,132
5086,1679931043000,126
5087,1679933425000,124
5087,1679933425000,117
5087,1679933425000,122
5088,1679933546000,103
5088,1679933546000,122
5089,1679933566000,103
5089,1679933566000,108
5089,1679933566000,114
5090,1679933810000,126
5090,1679933810000,113
5091,1679934342000,101
5091,1679934342000,125
5091,1679934342000,127
5091,1679934342000,112
5092,1679935710000,105
5092,1679935710000,122
5093,1679936304000,108
5094,1679936409000,102
5094,1679936409000,124
5095,1679936680000,109
5095,1679936680000,129
5095,1679936680000,120
5095,1679936680000,105
5096,1679938085000,108
5096,1679938085000,108
5096,1679938085000,131
5097,1679938299000,123
5098,1679938865000,101
5099,1679939115000,101
5099,1679939115000,105
5099,1679939115000,NULL
5100,1679939368000,109
5100,1679939368000,128
5100,1679939368000,122
5100,1679939368000,106
5101,1679939475000,105
5102,1679939561000,109
5102,1679939561000,NULL
5103,1679939575000,117
5104,1679939787000,124
5104,1679939787000,125
5104,1679939787000,118
5104,1679939787000,130
5105,1679939815000,129
5105,1679939815000,113
5105,1679939815000,131
5106,1679940264000,131
5107,1679940926000,112
5107,1679940926000,113
5107,1679940926000,120
5107,1679940926000,130
5108,1679941007000,124
5108,1679941007000,110
5108,1679941007000,132
5109,1679941164000,126
5109,1679941164000,117
5109,1679941164000,131
5109,1679941164000,132
5110,1679941580000,124
5110,1679941580000,113
5110,1679941580000,132
5111,1679942806000,108
5111,1679942806000,105
5111,1679942806000,122
5112,1679943276000,110
5113,1679944467000,105
5114,1679944556000,107
5114,1679944556000,127
5115,1679944738000,113
5116,1679945446000,119
5116,1679945446000,114
5116,1679945446000,132
5117,1679945632000,108
5118,1679946048000,104
5118,1679946048000,128
5118,1679946048000,112
5118,1679946048000,118
5119,1679946643000,102
5119,1679946643000,130
5120,1679947149000,116
5120,1679947149000,110
5120,1679947149000,119
5120,1679947149000,120
5121,1679947414000,101
5121,1679947414000,109
5121,1679947414000,110
5122,1679948805000,113
5122,1679948805000,130
5123,1679948886000,101
5123,1679948886000,110
5123,1679948886000,129
5124,1679950424000,104
5124,1679950424000,126
5124,1679950424000,122
5124,1679950424000,123
5125,1679951310000,111
5126,1679952109000,104
5126,1679952109000,131
5127,1679953390000,101
5127,1679953390000,104
5128,1679954299000,122
5129,1679955413000,128
5129,1679955413000,112
5129,1679955413000,NULL
5130,1679955553000,107
5130,1679955553000,122
5131,1679956670000,107
5132,1679957576000,125
5132,1679957576000,123
5133,1680003676000,131
5134,1680005735000,109
5135,1680005856000,106
5136,1680007060000,101
5136,1680007060000,102
5136,1680007060000,104
5136,1680007060000,124
5136,1680007060000,125
5136,1680007060000,129
5136,1680007060000,118
5137,1680007238000,102
5137,1680007238000,124
5137,1680007238000,119
5137,1680007238000,120
5137,1680007238000,106
5137,1680007238000,114
5138,1680007247000,108
5138,1680007247000,126
5138,1680007247000,111
5138,1680007247000,131
5139,1680007342000,129
5140,1680007545000,125
5140,1680007545000,132
5141,1680008271000,101
5141,1680008271000,109
5141,1680008271000,109
5142,1680010521000,101
5142,1680010521000,113
5142,1680010521000,122
5142,1680010521000,130
5143,1680011247000,131
5144,1680011904000,111
5145,1680012953000,132
5146,1680013174000,117
5146,1680013174000,106
5146,1680013174000,114
5147,1680014683000,105
5148,1680014882000,104
5149,1680014930000,113
5149,1680014930000,122
5149,1680014930000,130
5149,1680014930000,NULL
5150,1680016083000,108
5150,1680016083000,113
5151,1680016104000,101
5151,1680016104000,113
5151,1680016104000,131
5152,1680016482000,126
5152,1680016482000,128
5152,1680016482000,122
5153,1680017010000,124
5154,1680018603000,117
5154,1680018603000,113
5154,1680018603000,130
5155,1680019403000,129
5155,1680019403000,130
5156,1680019653000,101
5156,1680019653000,107
5156,1680019653000,122
5156,1680019653000,106
5157,1680019766000,107
5157,1680019766000,113
5158,1680020197000,101
5158,1680020197000,117
5158,1680020197000,112
5159,1680021515000,122
5160,1680022413000,102
5160,1680022413000,108
5160,1680022413000,129
5160,1680022413000,120
5161,1680022568000,117
5161,1680022568000,121
5161,1680022568000,122
5161,1680022568000,130
5162,1680022771000,112
5163,1680023326000,114
5164,1680023670000,120
5165,1680024403000,128
5165,1680024403000,119
5165,1680024403000,114
5166,1680025666000,119
5166,1680025666000,122
5166,1680025666000,106
5167,1680026148000,101
5167,1680026148000,106
5168,1680026303000,120
5168,1680026303000,131
5169,1680026685000,132
5170,1680027136000,118
5170,1680027136000,122
5171,1680029020000,102
5172,1680029367000,122
5172,1680029367000,122
5173,1680029729000,121
5173,1680029729000,122
5174,1680029754000,109
5174,1680029754000,129
5175,1680031520000,112
5175,1680031520000,121
5175,1680031520000,105
5176,1680031729000,102
5177,1680032127000,118
5178,1680032229000,117
5178,1680032229000,122
5178,1680032229000,132
5179,1680032719000,129
5180,1680032891000,125
5180,1680032891000,129
5180,1680032891000,123
5181,1680033279000,111
5181,1680033279000,106
5182,1680033931000,107
5182,1680033931000,109
5182,1680033931000,127
5182,1680033931000,106
5183,1680034430000,109
5184,1680034801000,108
5184,1680034801000,105
5185,1680035072000,109
5185,1680035072000,122
5186,1680035330000,113
5186,1680035330000,131
5187,1680035956000,102
5187,1680035956000,108
5187,1680035956000,130
5188,1680036238000,107
5188,1680036238000,124
5188,1680036238000,109
5188,1680036238000,132
5189,1680036520000,103
5189,1680036520000,129
5189,1680036520000,106
5190,1680042437000,107
5190,1680042437000,103
5190,1680042437000,113
5191,1680042896000,128
5191,1680042896000,106
5192,1680043412000,125
5193,1680089552000,115
5194,1680089993000,115
5194,1680089993000,108
5195,1680090017000,107
5196,1680091384000,107
5196,1680091384000,132
5197,1680091636000,103
5197,1680091636000,109
5197,1680091636000,131
5198,1680091752000,128
5198,1680091752000,114
5199,1680091935000,108
5200,1680093127000,101
5200,1680093127000,102
5200,1680093127000,124
5200,1680093127000,125
5200,1680093127000,117
5200,1680093127000,127
5200,1680093127000,113
5200,1680093127000,120
5200,1680093127000,105
5200,1680093127000,105
5200,1680093127000,130
5200,1680093127000,131
5200,1680093127000,114
5201,1680093491000,107
5201,1680093491000,126
5201,1680093491000,110
5201,1680093491000,127
5201,1680093491000,106
5202,1680094819000,103
5202,1680094819000,104
5202,1680094819000,124
5202,1680094819000,109
5202,1680094819000,117
5202,1680094819000,105
5202,1680094819000,106
5202,1680094819000,132
5203,1680097556000,102
5203,1680097556000,109
5203,1680097556000,131
5204,1680097834000,102
5205,1680098055000,128
5205,1680098055000,119
5205,1680098055000,132
5206,1680098317000,117
5206,1680098317000,113
5207,1680098788000,108
5208,1680099337000,103
5208,1680099337000,109
5209,1680100849000,111
5210,1680101289000,130
5211,1680102084000,109
5212,1680102481000,128
5212,1680102481000,113
5212,1680102481000,118
5212,1680102481000,131
5213,1680102712000,102
5213,1680102712000,128
5213,1680102712000,106
5214,1680104385000,104
5214,1680104385000,108
5214,1680104385000,129
5215,1680105576000,128
5215,1680105576000,112
5215,1680105576000,119
5216,1680106229000,107
5216,1680106229000,118
5216,1680106229000,120
5217,1680106238000,107
5217,1680106238000,118
5218,1680106679000,108
5218,1680106679000,131
5218,1680106679000,106
5218,1680106679000,132
5219,1680106998000,102
5219,1680106998000,112
5219,1680106998000,118
5220,1680108651000,114
5221,1680108656000,101
5221,1680108656000,102
5221,1680108656000,102
5222,1680109126000,112
5222,1680109126000,113
5223,1680109148000,102
5223,1680109148000,104
5223,1680109148000,125
5223,1680109148000,109
5224,1680109353000,110
5225,1680111652000,120
5225,1680111652000,NULL
5226,1680111836000,113
5226,1680111836000,119
5226,1680111836000,NULL
5226,1680111836000,132
5227,1680111857000,104
5227,1680111857000,129
5228,1680112042000,113
5229,1680114819000,118
5230,1680115033000,103
5230,1680115033000,104
5230,1680115033000,123
5231,1680115335000,101
5231,1680115335000,129
5232,1680115940000,102
5232,1680115940000,113
5233,1680116029000,127
5233,1680116029000,105
5234,1680116713000,124
5234,1680116713000,117
5234,1680116713000,128
5234,1680116713000,119
5235,1680116752000,107
5236,1680116996000,113
5237,1680117429000,122
5238,1680117781000,127
5239,1680117811000,126
5239,1680117811000,110
5240,1680119006000,111
5241,1680119601000,102
5241,1680119601000,110
5242,1680119766000,108
5243,1680120229000,107
5243,1680120229000,126
5244,1680121589000,101
5244,1680121589000,124
5244,1680121589000,110
5245,1680121758000,119
5246,1680128849000,113
5247,1680173446000,102
5247,1680173446000,103
5247,1680173446000,104
5248,1680174948000,101
5248,1680174948000,126
5248,1680174948000,129
5248,1680174948000,118
5249,1680175541000,121
5249,1680175541000,122
5249,1680175541000,106
5250,1680176526000,113
5251,1680177138000,110
5251,1680177138000,128
5251,1680177138000,129
5251,1680177138000,132
5252,1680178378000,107
5253,1680178562000,105
5254,1680178727000,101
5254,1680178727000,113
5255,1680179424000,111
5256,1680179769000,110
5257,1680179846000,116
5258,1680180250000,126
5258,1680180250000,127
5258,1680180250000,122
5259,1680180744000,117
5259,1680180744000,121
5260,1680181023000,125
5261,1680181788000,101
5261,1680181788000,118
5262,1680182455000,107
5262,1680182455000,108
5263,1680182618000,108
5264,1680182675000,101
5264,1680182675000,107
5264,1680182675000,115
5264,1680182675000,124
5264,1680182675000,131
5264,1680182675000,123
5264,1680182675000,106
5264,1680182675000,106
5265,1680182988000,103
5266,1680184423000,102
5266,1680184423000,109
5266,1680184423000,111
5266,1680184423000,112
5266,1680184423000,119
5266,1680184423000,119
5266,1680184423000,105
5266,1680184423000,132
5267,1680185829000,107
5267,1680185829000,117
5268,1680186427000,101
5269,1680188700000,103
5269,1680188700000,105
5270,1680189152000,101
5270,1680189152000,128
5271,1680189837000,101
5272,1680190752000,101
5272,1680190752000,117
5272,1680190752000,131
5273,1680190895000,107
5274,1680191742000,109
5275,1680192053000,102
5276,1680193075000,126
5277,1680193139000,107
5277,1680193139000,115
5277,1680193139000,128
5277,1680193139000,123
5278,1680194481000,108
5278,1680194481000,131
5279,1680194693000,120
5280,1680195179000,104
5280,1680195179000,125
5280,1680195179000,110
5280,1680195179000,105
5281,1680195364000,116
5281,1680195364000,106
5281,1680195364000,106
5281,1680195364000,NULL
5282,1680195697000,107
5282,1680195697000,102
5282,1680195697000,110
5283,1680196176000,105
5284,1680196299000,102
5284,1680196299000,113
5284,1680196299000,121
5284,1680196299000,122
5285,1680197684000,102
5285,1680197684000,105
5286,1680198552000,101
5286,1680198552000,110
5286,1680198552000,112
5286,1680198552000,120
5287,1680199399000,124
5288,1680199722000,118
5289,1680200233000,131
5290,1680200307000,107
5290,1680200307000,117
5290,1680200307000,132
5291,1680200523000,113
5292,1680201407000,103
5292,1680201407000,130
5292,1680201407000,123
5293,1680201913000,102
5293,1680201913000,119
5294,1680202234000,127
5295,1680203456000,108
5296,1680204656000,126
5297,1680205311000,128
5298,1680206929000,113
5299,1680207010000,106
5300,1680207479000,124
5300,1680207479000,118
5300,1680207479000,106
5301,1680210296000,129
5301,1680210296000,114
5302,1680210923000,101
5303,1680210927000,129
5303,1680210927000,105
5303,1680210927000,122
5303,1680210927000,NULL
5304,1680211008000,124
5304,1680211008000,122
5304,1680211008000,123
5305,1680212049000,103
5305,1680212049000,108
5306,1680212115000,108
5307,1680212676000,103
5307,1680212676000,113
5307,1680212676000,105
5307,1680212676000,106
5308,1680213216000,106
5309,1680261740000,128
5310,1680264051000,124
5310,1680264051000,106
5311,1680264165000,112
5312,1680264388000,102
5312,1680264388000,104
5312,1680264388000,124
5313,1680265463000,130
5314,1680265993000,110
5315,1680266926000,124
5315,1680266926000,125
5315,1680266926000,125
5315,1680266926000,109
5315,1680266926000,117
5315,1680266926000,129
5315,1680266926000,106
5316,1680267585000,101
5316,1680267585000,113
5317,1680267853000,101
5317,1680267853000,107
5317,1680267853000,102
5317,1680267853000,102
5317,1680267853000,103
5317,1680267853000,117
5317,1680267853000,111
5317,1680267853000,113
5317,1680267853000,119
5317,1680267853000,122
5317,1680267853000,130
5318,1680268276000,103
5319,1680268758000,116
5319,1680268758000,110
5320,1680268976000,101
5320,1680268976000,103
5320,1680268976000,108
5320,1680268976000,120
5321,1680269387000,101
5321,1680269387000,122
5322,1680269758000,107
5322,1680269758000,108
5322,1680269758000,125
5322,1680269758000,127
5322,1680269758000,111
5322,1680269758000,114
5322,1680269758000,132
5323,1680270063000,117
5324,1680270075000,107
5325,1680270292000,116
5325,1680270292000,122
5326,1680270617000,117
5326,1680270617000,132
5327,1680270707000,116
5327,1680270707000,125
5327,1680270707000,119
5327,1680270707000,121
5328,1680272637000,107
5328,1680272637000,117
5328,1680272637000,111
5329,1680274107000,108
5329,1680274107000,121
5330,1680274127000,101
5330,1680274127000,102
5330,1680274127000,111
5331,1680274238000,101
5331,1680274238000,109
5331,1680274238000,122
5332,1680274297000,116
5332,1680274297000,126
5332,1680274297000,128
5333,1680275804000,107
5333,1680275804000,117
5334,1680276576000,115
5334,1680276576000,108
5334,1680276576000,132
5335,1680276669000,127
5336,1680276759000,101
5336,1680276759000,108
5336,1680276759000,126
5337,1680276871000,117
5337,1680276871000,119
5337,1680276871000,106
5338,1680278796000,108
5339,1680279175000,101
5339,1680279175000,126
5339,1680279175000,120
5339,1680279175000,123
5340,1680279660000,106
5341,1680279856000,123
5342,1680283058000,129
5343,1680283148000,122
5344,1680283360000,115
5344,1680283360000,119
5344,1680283360000,105
5344,1680283360000,132
5345,1680283829000,103
5345,1680283829000,130
5346,1680283858000,102
5346,1680283858000,106
5347,1680283997000,125
5347,1680283997000,131
5347,1680283997000,106
5348,1680284264000,107
5348,1680284264000,125
5349,1680284529000,117
5349,1680284529000,122
5350,1680285250000,103
5350,1680285250000,130
5350,1680285250000,106
5351,1680285840000,126
5351,1680285840000,127
5351,1680285840000,118
5351,1680285840000,122
5352,1680285875000,109
5352,1680285875000,122
5353,1680288010000,113
5353,1680288010000,122
5353,1680288010000,106
5354,1680288619000,102
5355,1680288660000,132
5356,1680288720000,126
5356,1680288720000,111
5357,1680288922000,113
5357,1680288922000,106
5358,1680289647000,101
5358,1680289647000,128
5358,1680289647000,105
5358,1680289647000,131
5359,1680289996000,113
5359,1680289996000,121
5360,1680290148000,116
5361,1680291642000,103
5361,1680291642000,113
5362,1680292763000,101
5362,1680292763000,114
5363,1680293758000,119
5363,1680293758000,120
5363,1680293758000,122
5363,1680293758000,123
5364,1680293774000,116
5364,1680293774000,103
5364,1680293774000,104
5364,1680293774000,118
5365,1680294708000,117
5365,1680294708000,129
5365,1680294708000,130
5366,1680296501000,108
5366,1680296501000,111
5366,1680296501000,111
5366,1680296501000,122
5367,1680299886000,119
5368,1680299927000,101
5368,1680299927000,128
5368,1680299927000,113
5368,1680299927000,118
5369,1680300304000,109
5369,1680300304000,129
5369,1680300304000,120
5369,1680300304000,122
5370,1680300948000,122
